Sample Base Name,RRT,% Area
DPS21003,0.22388059701492535,0.0073
DPS21003,0.2239179055387449,0.0124
DPS21003,0.22419577659364515,0.012
DPS21003,0.34170556907094485,0.0031
DPS21003,0.34186291277463493,0.003
DPS21003,0.3421485428590224,0.003
DPS21003,0.3511078966401473,0.0016
DPS21003,0.35267416617327807,0.0015
DPS21003,0.35311143270622286,0.0018
DPS21003,0.37846012229600895,0.0013
DPS21003,0.3790290751216945,0.0006
DPS21003,0.37905400960463126,0.0006
DPS21003,0.48526509669780293,0.0293
DPS21003,0.4853705043066605,0.0294
DPS21003,0.48575751595289784,0.0293
DPS21003,0.5089091985008877,0.0135
DPS21003,0.5090777529272464,0.0133
DPS21003,0.509374383264259,0.0134
DPS21003,0.6468885672937771,0.0104
DPS21003,0.6469853376290354,0.0104
DPS21003,0.6472600486810078,0.0115
DPS21003,0.6997172726674995,0.0046
DPS21003,0.7021906453522794,0.0049
DPS21003,0.702276016313643,0.0043
DPS21003,0.7772371622065882,0.003
DPS21003,0.7775292724641495,0.0029
DPS21003,0.7777777777777778,0.0032
DPS21003,0.8240515484252745,0.0117
DPS21003,0.8248256808314696,0.0114
DPS21003,0.8248799421090717,0.0118
DPS21003,0.8565320352585186,0.0106
DPS21003,0.8565323163916102,0.0106
DPS21003,0.8571804486546937,0.0109
DPS21003,0.9218883555789336,0.0022
DPS21003,0.9232287349516479,0.0021
DPS21003,0.9242862781212998,0.0018
DPS21003,1.0,99.32053333333333
DPS21003,1.193503846406733,0.0448
DPS21003,1.1964873043020656,0.042
DPS21003,1.196566015393724,0.0391
DPS21003,1.2691093277200367,0.0099
DPS21003,1.2741140114405944,0.0097
DPS21003,1.2743898427735016,0.0093
DPS21003,1.3287527122098757,0.4233
DPS21003,1.3293645572950927,0.4216
DPS21003,1.3296493651733439,0.4202
DPS21003,1.7099086067460056,0.0039
DPS21003,1.7115511116958293,0.003
DPS21003,1.7136372607065324,0.0033
DPS21003,1.8477174056045256,0.0077
DPS21003,1.8498125123347147,0.0077
DPS21003,1.8501545137747386,0.008
DPS21003,2.246301531987639,0.0071
DPS21003,2.2474016576766216,0.0072
DPS21003,2.247483718176436,0.0077
DPS21003,2.254257347623118,0.0176
DPS21003,2.2555584791474805,0.0159
DPS21003,2.2556410762449834,0.0165
DPS21003,2.3197448878953253,0.0056
DPS21003,2.3205499276411,0.0038
DPS21003,2.320834155647655,0.0038
DPS21003,2.395029258991387,0.0147
DPS21003,2.3962636495198,0.0249
DPS21003,2.3966844286560094,0.0241
DPS21003,2.4566375172595176,0.0263
DPS21003,2.45757137218787,0.0207
DPS21003,2.457733043878692,0.0206
DPS21003,2.4879347754618975,0.0216
DPS21003,2.489080384159979,0.021
DPS21003,2.489244128675745,0.0209
DPS21004,0.22079265533070408,0.0076
DPS21004,0.22079855044327962,0.0076
DPS21004,0.22099948213360954,0.0077
DPS21004,0.33988491627335615,0.0026
DPS21004,0.3405618850336613,0.0025
DPS21004,0.3405811169352229,0.0026
DPS21004,0.3512639813797116,0.0017
DPS21004,0.35189021232522005,0.0017
DPS21004,0.35216462822752864,0.0014
DPS21004,0.3781599534492791,0.0008
DPS21004,0.3781789943700253,0.0007
DPS21004,0.378495598135681,0.0009
DPS21004,0.49014029870045905,0.0296
DPS21004,0.4905843525529024,0.0295
DPS21004,0.4906136716727084,0.0298
DPS21004,0.5069502812439387,0.015
DPS21004,0.5072801397786838,0.0148
DPS21004,0.5073795960642155,0.0149
DPS21004,0.6449214456584987,0.0095
DPS21004,0.6456351517504693,0.0092
DPS21004,0.6456499223200415,0.0088
DPS21004,0.6991659662507274,0.004
DPS21004,0.7015466252507604,0.0036
DPS21004,0.702485758674262,0.0037
DPS21004,0.7753927717075063,0.0038
DPS21004,0.7760875194199897,0.0039
DPS21004,0.7762246812916586,0.0036
DPS21004,0.8244649899786642,0.0138
DPS21004,0.8255354947259432,0.0141
DPS21004,0.8256084930088037,0.0145
DPS21004,0.8597659533199715,0.0088
DPS21004,0.8601113412739514,0.0089
DPS21004,0.8603507409564486,0.009
DPS21004,0.9157445156280334,0.0018
DPS21004,0.9163645779388918,0.0017
DPS21004,0.9171785090838559,0.0015
DPS21004,1.0,99.35823333333333
DPS21004,1.203077519881037,0.0463
DPS21004,1.2041688244432935,0.0472
DPS21004,1.2050087361677344,0.0466
DPS21004,1.3290230813991077,0.399
DPS21004,1.330227140361095,0.3987
DPS21004,1.3303340238218537,0.4003
DPS21004,2.2215685006788646,0.0212
DPS21004,2.2234517569404,0.0209
DPS21004,2.2237182806835833,0.0218
DPS21004,2.285187819228034,0.0066
DPS21004,2.287322849932052,0.0068
DPS21004,2.2875453133091663,0.0065
DPS21004,2.354044093877287,0.0267
DPS21004,2.3551916105644746,0.0151
DPS21004,2.355723807674885,0.0239
DPS21004,2.41772806620547,0.0285
DPS21004,2.4195949006665374,0.0238
DPS21004,2.4201838425686173,0.0284
DPS21004,2.447468804551626,0.0203
DPS21004,2.4494920080243316,0.0198
DPS21004,2.4499611600207145,0.0207
DPS21005,0.21894250513347022,0.0081
DPS21005,0.21908490021176924,0.0073
DPS21005,0.21940413509695644,0.0073
DPS21005,0.34255810966996275,0.0012
DPS21005,0.3426169543733556,0.0013
DPS21005,0.3427233059548255,0.0014
DPS21005,0.4895405544147844,0.0191
DPS21005,0.4896361419495604,0.019
DPS21005,0.49017593424939004,0.0188
DPS21005,0.6445713552361396,0.0012
DPS21005,0.6446768914843097,0.0013
DPS21005,0.6458841659175548,0.0015
DPS21005,0.6996919917864477,0.0036
DPS21005,0.7007636526984534,0.0035
DPS21005,0.7013612430974702,0.0034
DPS21005,0.7737254398356235,0.0024
DPS21005,0.7738561252647115,0.0022
DPS21005,0.7740631416837783,0.0021
DPS21005,0.8228311088295688,0.03
DPS21005,0.823076429442341,0.0299
DPS21005,0.8237447027096443,0.0304
DPS21005,0.8660805954825462,0.0034
DPS21005,0.8669062439838285,0.0038
DPS21005,0.8672145884165918,0.0034
DPS21005,0.9130602285861051,0.0012
DPS21005,0.9135010266940452,0.0014
DPS21005,0.914329718282744,0.0014
DPS21005,1.0,99.34196666666666
DPS21005,1.196367836745171,0.0309
DPS21005,1.1965455245922694,0.031
DPS21005,1.2084188911704312,0.0321
DPS21005,1.3270020533880904,0.3547
DPS21005,1.3270872104216134,0.3559
DPS21005,1.328175163734429,0.356
DPS21005,1.3771817248459959,0.029
DPS21005,1.3772059295385997,0.0296
DPS21005,1.3782586361885194,0.0294
DPS21005,1.8876411704312117,0.0023
DPS21005,1.8923847438037755,0.0022
DPS21005,1.89379451966887,0.0023
DPS21005,2.205274640657084,0.0253
DPS21005,2.2065712635564396,0.0261
DPS21005,2.2079748298446127,0.0263
DPS21005,2.221316735112936,0.0071
DPS21005,2.222614387473529,0.0095
DPS21005,2.22396301528188,0.0095
DPS21005,2.2460857289527723,0.0032
DPS21005,2.2477058332798565,0.0047
DPS21005,2.2490047515089255,0.0045
DPS21005,2.268993839835729,0.02
DPS21005,2.270102034268113,0.019
DPS21005,2.271542314113266,0.019
DPS21005,2.333996406570842,0.013
DPS21005,2.3447346467304113,0.0576
DPS21005,2.3460254269937075,0.0597
DPS21005,2.3995764887063658,0.0252
DPS21005,2.4008214079445547,0.0284
DPS21005,2.4023372287145244,0.0288
DPS21005,2.4294789527720737,0.0405
DPS21005,2.4305974459346724,0.0412
DPS21005,2.432130473866701,0.0406
DPS21006,0.21897060711076882,0.0077
DPS21006,0.21907877854760074,0.0142
DPS21006,0.21915698979919163,0.0126
DPS21006,0.33827303053630997,0.002
DPS21006,0.3383588888176044,0.0023
DPS21006,0.3384032858426389,0.0024
DPS21006,0.3505485340347726,0.0016
DPS21006,0.3509819021948402,0.0014
DPS21006,0.35142417244033874,0.0014
DPS21006,0.376916661320331,0.0008
DPS21006,0.3777906081601232,0.0008
DPS21006,0.3778077268643306,0.0009
DPS21006,0.4786374133949192,0.0301
DPS21006,0.47866812086995575,0.0297
DPS21006,0.47869336413810804,0.0303
DPS21006,0.5051963048498845,0.0157
DPS21006,0.5052928722653494,0.0158
DPS21006,0.5053266589654729,0.0159
DPS21006,0.6431229150628689,0.0098
DPS21006,0.6431780259273521,0.0093
DPS21006,0.6433566433566434,0.0092
DPS21006,0.6886707723890172,0.0042
DPS21006,0.6984666709437352,0.0042
DPS21006,0.6990758567577975,0.0037
DPS21006,0.7731588401334359,0.0026
DPS21006,0.7734565524322936,0.0027
DPS21006,0.7735933790979662,0.0034
DPS21006,0.8226800154023873,0.0108
DPS21006,0.8229407236335643,0.0109
DPS21006,0.8233143003785206,0.0109
DPS21006,0.8589299461123941,0.0088
DPS21006,0.8592606854062379,0.0088
DPS21006,0.8594341438378136,0.009
DPS21006,0.9124967924044137,0.0014
DPS21006,0.9130685827933535,0.0021
DPS21006,0.9145809267103067,0.0012
DPS21006,1.0,99.33319999999999
DPS21006,1.2044652595111311,0.0418
DPS21006,1.2046445984090326,0.0416
DPS21006,1.2056860480041072,0.0439
DPS21006,1.327067427984859,0.4159
DPS21006,1.3271105978958175,0.4215
DPS21006,1.3273007316134,0.4192
DPS21006,1.6991400333718392,0.0027
DPS21006,1.7025275853220427,0.0029
DPS21006,1.7068711105408354,0.0025
DPS21006,2.205735180908391,0.0181
DPS21006,2.2064540963623536,0.0175
DPS21006,2.20716211012707,0.0183
DPS21006,2.268283294842186,0.006
DPS21006,2.2687495990248285,0.0057
DPS21006,2.2694134257476577,0.0063
DPS21006,2.3431485758275596,0.0221
DPS21006,2.3436196830692246,0.0219
DPS21006,2.344820947246823,0.059
DPS21006,2.3995381062355663,0.0265
DPS21006,2.4000769872329504,0.0269
DPS21006,2.400911307919394,0.0274
DPS21006,2.4290479856299716,0.0179
DPS21006,2.429588759863989,0.0184
DPS21006,2.430432550378642,0.0175
DPS21007,0.22071285335403326,0.0082
DPS21007,0.22082794307891332,0.0079
DPS21007,0.22083548887739265,0.0079
DPS21007,0.34020951888256595,0.0021
DPS21007,0.34031955495180805,0.0023
DPS21007,0.3403622250970245,0.002
DPS21007,0.3522639068564036,0.0015
DPS21007,0.3523021210553544,0.0014
DPS21007,0.3526101300213468,0.0017
DPS21007,0.37904269081500647,0.0012
DPS21007,0.3794619762027936,0.0008
DPS21007,0.379584707937124,0.0009
DPS21007,0.4816994309363683,0.0348
DPS21007,0.4817905427259202,0.0351
DPS21007,0.48182406209573087,0.0352
DPS21007,0.5075012933264356,0.0149
DPS21007,0.507503234152652,0.0149
DPS21007,0.5075360631347435,0.0149
DPS21007,0.6453698913605794,0.0125
DPS21007,0.6454492528624103,0.0123
DPS21007,0.6455368693402328,0.0122
DPS21007,0.6919296430419037,0.0049
DPS21007,0.701533087521832,0.0058
DPS21007,0.7022639068564035,0.005
DPS21007,0.7763762209716024,0.0035
DPS21007,0.7764485256078634,0.0033
DPS21007,0.7766494178525226,0.0033
DPS21007,0.8261122607346094,0.0118
DPS21007,0.8261319534282018,0.0119
DPS21007,0.8262500808590465,0.0119
DPS21007,0.8606080206985769,0.01
DPS21007,0.8607283782909632,0.0097
DPS21007,0.8608380755302638,0.0099
DPS21007,0.9179765832201308,0.0023
DPS21007,0.9181759379042691,0.0023
DPS21007,0.9184557682359027,0.0019
DPS21007,1.0,99.21676666666667
DPS21007,1.2062095730918498,0.0464
DPS21007,1.2071932207775407,0.0477
DPS21007,1.2073202276254527,0.0436
DPS21007,1.3312855664769787,0.5204
DPS21007,1.33130659767141,0.5236
DPS21007,1.3314574034542983,0.5234
DPS21007,1.7083252474286823,0.0045
DPS21007,1.7093895499224003,0.0034
DPS21007,1.710672703751617,0.0035
DPS21007,2.22128815312985,0.0227
DPS21007,2.221345407503234,0.0215
DPS21007,2.2216184746749468,0.021
DPS21007,2.2836911536471804,0.0032
DPS21007,2.284023285899094,0.0067
DPS21007,2.2843004075295945,0.0061
DPS21007,2.346417485773409,0.0212
DPS21007,2.3467658473479944,0.0114
DPS21007,2.3470470276214503,0.0291
DPS21007,2.3839886187273667,0.0042
DPS21007,2.384087968952134,0.004
DPS21007,2.3845009379649396,0.005
DPS21007,2.4172917744438696,0.0306
DPS21007,2.4173350582147477,0.0294
DPS21007,2.417556116178278,0.0323
DPS21007,2.446068287635799,0.0206
DPS21007,2.4461190168175935,0.02
DPS21007,2.446341936735882,0.0216
DPS21008,0.22067093271281754,0.0081
DPS21008,0.22084303077320921,0.0124
DPS21008,0.22088587132234078,0.0077
DPS21008,0.3399909508111951,0.002
DPS21008,0.3403154900439617,0.0021
DPS21008,0.3403815066278694,0.0022
DPS21008,0.3511154219204656,0.0016
DPS21008,0.3521463666925265,0.0014
DPS21008,0.3523366298235408,0.0016
DPS21008,0.37857927735763686,0.0007
DPS21008,0.3794284975433152,0.0009
DPS21008,0.3801487229227287,0.0012
DPS21008,0.4908538556008015,0.0295
DPS21008,0.4909490561158521,0.0298
DPS21008,0.49110895570643387,0.0293
DPS21008,0.5074009437011182,0.0141
DPS21008,0.5074993535040082,0.0142
DPS21008,0.5075331393469124,0.0143
DPS21008,0.6451425247236765,0.0114
DPS21008,0.6452676493405741,0.0106
DPS21008,0.6454574846427417,0.0107
DPS21008,0.7008016550297388,0.0048
DPS21008,0.7013121323767048,0.0048
DPS21008,0.70184287099903,0.0049
DPS21008,0.7766143106457243,0.0028
DPS21008,0.7767649340574089,0.0027
DPS21008,0.7767862916262528,0.0031
DPS21008,0.8255415454251536,0.0144
DPS21008,0.8256092043177558,0.0143
DPS21008,0.8257693302301525,0.0141
DPS21008,0.8600607588391183,0.0096
DPS21008,0.8602651147752991,0.0093
DPS21008,0.8612619601758469,0.0097
DPS21008,0.9170060112468489,0.0017
DPS21008,0.9186061546418411,0.0017
DPS21008,0.9190430003233107,0.0015
DPS21008,1.0,99.34566666666666
DPS21008,1.2040090526996445,0.0371
DPS21008,1.2061675717610552,0.035
DPS21008,1.2063215047508242,0.0335
DPS21008,1.3313295843836856,0.4293
DPS21008,1.3313938453581589,0.4307
DPS21008,1.3315874555447786,0.4324
DPS21008,1.708745394609269,0.0039
DPS21008,1.7095293509180245,0.003
DPS21008,1.7096669899773684,0.0034
DPS21008,2.219766013832331,0.0196
DPS21008,2.2203258339798295,0.0189
DPS21008,2.221209182023925,0.0189
DPS21008,2.28251874838376,0.003
DPS21008,2.2825932389632215,0.0061
DPS21008,2.283672809569997,0.0033
DPS21008,2.3450972787796522,0.0129
DPS21008,2.345422808378588,0.0134
DPS21008,2.3468477206595537,0.0218
DPS21008,2.382263589942473,0.0046
DPS21008,2.3829195758986295,0.0045
DPS21008,2.3838991270611056,0.0042
DPS21008,2.415551677331782,0.0232
DPS21008,2.4162141194724596,0.023
DPS21008,2.4172001293242804,0.0225
DPS21008,2.4442505332557687,0.0165
DPS21008,2.44485389190587,0.0166
DPS21008,2.4460394439055935,0.0167
DPS21009,0.21875805204844112,0.0155
DPS21009,0.21938808373590982,0.0101
DPS21009,0.21964722544096818,0.0089
DPS21009,0.340993948757564,0.0013
DPS21009,0.3410847719659882,0.0011
DPS21009,0.3411272141706924,0.0012
DPS21009,0.3528729708837928,0.0012
DPS21009,0.3536114329857088,0.0012
DPS21009,0.35368760064412236,0.001
DPS21009,0.48081627397965754,0.0349
DPS21009,0.48106158206647776,0.035
DPS21009,0.4810950080515298,0.0353
DPS21009,0.5056649929187589,0.0081
DPS21009,0.505829307568438,0.0081
DPS21009,0.5059263076526669,0.0081
DPS21009,0.6438135702330371,0.0286
DPS21009,0.6441638752898737,0.0291
DPS21009,0.6442512077294686,0.0283
DPS21009,0.6990016103059581,0.0051
DPS21009,0.6998196341149189,0.0052
DPS21009,0.7001416248229689,0.0051
DPS21009,0.7743015321230848,0.0056
DPS21009,0.7746070600360733,0.005
DPS21009,0.7748148148148148,0.0053
DPS21009,0.8238702201622248,0.0135
DPS21009,0.8242720948209225,0.0129
DPS21009,0.8244766505636071,0.0129
DPS21009,0.852615305333677,0.0167
DPS21009,0.8526892109500804,0.0164
DPS21009,0.8527101841122698,0.016
DPS21009,0.9128363589545513,0.0037
DPS21009,0.9140740740740741,0.0035
DPS21009,0.91413295542386,0.0043
DPS21009,1.0,99.14836666666667
DPS21009,1.1976953778807775,0.032
DPS21009,1.199806763285024,0.0347
DPS21009,1.2011079618654987,0.0366
DPS21009,1.2799665250418435,0.0192
DPS21009,1.280450885668277,0.0209
DPS21009,1.280984282401443,0.0234
DPS21009,1.3275395905755116,0.452
DPS21009,1.3282659108477197,0.4622
DPS21009,1.3283735909822867,0.4529
DPS21009,1.4557100553624307,0.0116
DPS21009,1.4564545220304046,0.0138
DPS21009,1.4565539452495975,0.0124
DPS21009,1.696665379168276,0.0189
DPS21009,1.6972624798711755,0.0181
DPS21009,1.6974362277763464,0.0189
DPS21009,2.2132741084073646,0.0312
DPS21009,2.2137979902087093,0.0312
DPS21009,2.214428341384863,0.0322
DPS21009,2.275074031157461,0.0061
DPS21009,2.275959804174182,0.0072
DPS21009,2.276650563607085,0.0055
DPS21009,2.339770825286468,0.0612
DPS21009,2.3399252769904666,0.0158
DPS21009,2.340869565217391,0.0567
DPS21009,2.3733745332818335,0.0048
DPS21009,2.374130378768359,0.005
DPS21009,2.37487922705314,0.0048
DPS21009,2.4067207415990732,0.0505
DPS21009,2.4074980675083744,0.0494
DPS21009,2.4081159420289855,0.0501
DPS21009,2.437363203295996,0.0304
DPS21009,2.438095851584643,0.0299
DPS21009,2.43877616747182,0.0313
DPS21009,2.454135532079361,0.0036
DPS21009,2.4548792270531403,0.0033
DPS21009,2.4610531736835326,0.0182
DPS21009,2.47759752800309,0.0033
DPS21009,2.4784205101777896,0.0038
DPS21009,2.4790338164251207,0.0038
DPS21010,0.21970671468999228,0.0081
DPS21010,0.2199330414627865,0.0076
DPS21010,0.2199407826982492,0.0072
DPS21010,0.3394648829431438,0.0036
DPS21010,0.34000772598506307,0.0034
DPS21010,0.3401132852729145,0.0033
DPS21010,0.47986879341394395,0.0337
DPS21010,0.4803681771369722,0.0337
DPS21010,0.4804275045068246,0.0336
DPS21010,0.5051453563159248,0.0123
DPS21010,0.505664263645726,0.0127
DPS21010,0.5058588720061808,0.0125
DPS21010,0.6432981733985079,0.008
DPS21010,0.6437033221735771,0.008
DPS21010,0.6439881565396499,0.0082
DPS21010,0.6986107537947003,0.0089
DPS21010,0.6996009268795057,0.0085
DPS21010,0.6997167138810199,0.0084
DPS21010,0.7739259068690506,0.0042
DPS21010,0.7742662203913492,0.0032
DPS21010,0.7745300025753283,0.0041
DPS21010,0.8230640596861333,0.0128
DPS21010,0.8236997940267766,0.0116
DPS21010,0.824040690187999,0.0127
DPS21010,0.8573449961409828,0.0068
DPS21010,0.857621009268795,0.006
DPS21010,0.8580350244656194,0.0059
DPS21010,0.9144567456230691,0.0019
DPS21010,0.9148853978882308,0.0022
DPS21010,0.9151659377411885,0.0023
DPS21010,1.0,99.28613333333334
DPS21010,1.2011191149987137,0.0439
DPS21010,1.2017125933556527,0.0453
DPS21010,1.2017250257466532,0.045
DPS21010,1.2829945973758683,0.0277
DPS21010,1.2834062821833163,0.0282
DPS21010,1.2839299510687612,0.0281
DPS21010,1.3266658091072807,0.3945
DPS21010,1.3276261585993823,0.3956
DPS21010,1.328032449137265,0.396
DPS21010,1.699858393408857,0.0039
DPS21010,1.7005402624131722,0.0042
DPS21010,1.7026783414885398,0.0036
DPS21010,2.2116670954463595,0.0117
DPS21010,2.2138810198300285,0.0124
DPS21010,2.2138903192584967,0.012
DPS21010,2.2719320812966295,0.0101
DPS21010,2.274008753861998,0.0084
DPS21010,2.274143703322174,0.0103
DPS21010,2.3381142269102138,0.0426
DPS21010,2.339920185375901,0.0577
DPS21010,2.3408447077002315,0.0429
DPS21010,2.4044250064316954,0.039
DPS21010,2.406668383110196,0.0384
DPS21010,2.40677311357198,0.0385
DPS21010,2.435811679958837,0.0295
DPS21010,2.4381921194952354,0.0295
DPS21010,2.438208032955716,0.0299
DPS21010,2.4592230511962954,0.0081
DPS21010,2.4619495235642543,0.0059
DPS21010,2.463053553038105,0.0034
DPS21011,0.33889816360601,0.0018
DPS21011,0.3391354614939945,0.0019
DPS21011,0.33922147995889,0.0019
DPS21011,0.35238217542057276,0.0015
DPS21011,0.352431113109384,0.0012
DPS21011,0.35245375128468653,0.0016
DPS21011,0.4799666110183639,0.0321
DPS21011,0.4799922923758751,0.0322
DPS21011,0.4801515930113052,0.0324
DPS21011,0.505008347245409,0.0142
DPS21011,0.5050420707816815,0.0138
DPS21011,0.5051387461459403,0.0138
DPS21011,0.6432012332198599,0.011
DPS21011,0.6433157827147811,0.0113
DPS21011,0.6433710174717369,0.0113
DPS21011,0.6886562178828366,0.0049
DPS21011,0.6983433928342109,0.0052
DPS21011,0.7001091913417689,0.0054
DPS21011,0.7744317452163862,0.004
DPS21011,0.7746804547498233,0.0047
DPS21011,0.7747302158273381,0.0044
DPS21011,0.8227173494285348,0.0112
DPS21011,0.8227774922918808,0.0115
DPS21011,0.8230457961333418,0.0115
DPS21011,0.8561705406446641,0.0076
DPS21011,0.8570235724837818,0.0075
DPS21011,0.8570786228160329,0.0082
DPS21011,0.911298092363029,0.0017
DPS21011,0.9116778006166495,0.002
DPS21011,0.9127391806857583,0.0017
DPS21011,1.0,99.24283333333334
DPS21011,1.1998201554370864,0.0465
DPS21011,1.1999486323359445,0.046
DPS21011,1.2011176772867422,0.0462
DPS21011,1.2775386986961268,0.0192
DPS21011,1.2781559008604082,0.0199
DPS21011,1.278198869475848,0.0205
DPS21011,1.3273404391935277,0.4867
DPS21011,1.3274665981500515,0.4883
DPS21011,1.3275097951056585,0.4872
DPS21011,1.6964813150121998,0.004
DPS21011,1.6970709146968141,0.0034
DPS21011,1.6977326739032692,0.0048
DPS21011,2.2086169256453063,0.0188
DPS21011,2.2090184994861253,0.0198
DPS21011,2.209454685593166,0.0194
DPS21011,2.2706433799922947,0.0065
DPS21011,2.2710688591983557,0.0076
DPS21011,2.2713083691951956,0.0066
DPS21011,2.335945529290853,0.0138
DPS21011,2.336586618723514,0.0331
DPS21011,2.337080095060698,0.0328
DPS21011,2.3682419416977014,0.0037
DPS21011,2.3688335046248716,0.0037
DPS21011,2.3692594257820025,0.0042
DPS21011,2.401309875433415,0.0294
DPS21011,2.4018499486125386,0.0294
DPS21011,2.402209518915794,0.0292
DPS21011,2.432002054706562,0.0225
DPS21011,2.432425488180884,0.0223
DPS21011,2.4328473248121267,0.0226
DPS21012,0.3389102564102564,0.0016
DPS21012,0.3389287544848795,0.0018
DPS21012,0.33905909498782205,0.0018
DPS21012,0.35155749262915015,0.0015
DPS21012,0.35206304459251664,0.0013
DPS21012,0.35224358974358977,0.0012
DPS21012,0.4882707345212152,0.032
DPS21012,0.4883393131727319,0.0319
DPS21012,0.4884615384615385,0.032
DPS21012,0.5039723218862121,0.0128
DPS21012,0.5039738495064735,0.0125
DPS21012,0.5041666666666667,0.0125
DPS21012,0.604241414659149,0.0006
DPS21012,0.6047435897435897,0.0007
DPS21012,0.6048583514933983,0.0007
DPS21012,0.6420330726829893,0.0093
DPS21012,0.6420425422860072,0.0095
DPS21012,0.642051282051282,0.0089
DPS21012,0.6961287014485322,0.0052
DPS21012,0.6963095848282932,0.0054
DPS21012,0.6997435897435897,0.0052
DPS21012,0.7721681189133777,0.0064
DPS21012,0.7723717948717949,0.0061
DPS21012,0.7727214459684655,0.0059
DPS21012,0.8211126778618125,0.013
DPS21012,0.8213095848282932,0.0133
DPS21012,0.8218589743589744,0.0132
DPS21012,0.8542307692307692,0.0075
DPS21012,0.8542494551980515,0.0073
DPS21012,0.8551383905689389,0.0076
DPS21012,0.9076923076923077,0.0026
DPS21012,0.9079605178823228,0.0021
DPS21012,0.908444387493593,0.0026
DPS21012,1.0,99.23456666666668
DPS21012,1.1965773618766824,0.0407
DPS21012,1.1968862121988724,0.0379
DPS21012,1.197051282051282,0.0387
DPS21012,1.2690287032291132,0.0204
DPS21012,1.2691962568901423,0.0233
DPS21012,1.2697435897435898,0.0199
DPS21012,1.323231676063557,0.5107
DPS21012,1.3234200743494424,0.5152
DPS21012,1.323846153846154,0.5111
DPS21012,1.68900563813429,0.0036
DPS21012,1.6911538461538462,0.0032
DPS21012,1.6946545314703243,0.003
DPS21012,2.206112250128139,0.0182
DPS21012,2.2071529291116523,0.0185
DPS21012,2.2073717948717952,0.0184
DPS21012,2.2696053305996924,0.0058
DPS21012,2.2709268042558644,0.007
DPS21012,2.271025641025641,0.007
DPS21012,2.350269092772937,0.0315
DPS21012,2.351237020894757,0.0178
DPS21012,2.351730769230769,0.0304
DPS21012,2.3981932342388514,0.0277
DPS21012,2.399435969747468,0.0275
DPS21012,2.399551282051282,0.0269
DPS21012,2.4298436699128647,0.0186
DPS21012,2.4311626714523777,0.0188
DPS21012,2.431282051282051,0.0186
DPS21013,0.33875929248910536,0.0019
DPS21013,0.3388646847770374,0.0021
DPS21013,0.3389287544848795,0.0022
DPS21013,0.35157651884132274,0.0014
DPS21013,0.3521271143003588,0.0013
DPS21013,0.35225525371604305,0.0015
DPS21013,0.48846449628300437,0.0318
DPS21013,0.4885315222962583,0.03125
DPS21013,0.5039723218862121,0.0127
DPS21013,0.5040363915940543,0.0128
DPS21013,0.5040374263009485,0.0129
DPS21013,0.6039851358277806,0.001
DPS21013,0.6052024602767812,0.0006
DPS21013,0.6052294283517048,0.0008
DPS21013,0.6420789541143297,0.0093
DPS21013,0.6421706817016914,0.0092
DPS21013,0.6422347514095335,0.0092
DPS21013,0.6968221424910301,0.0055
DPS21013,0.6975909789851358,0.0055
DPS21013,0.6984747500640861,0.0053
DPS21013,0.7719759097898513,0.0043
DPS21013,0.772109715457575,0.0045
DPS21013,0.7721681189133777,0.0042
DPS21013,0.8212637785183287,0.0115
DPS21013,0.8213736545361353,0.01155
DPS21013,0.8542414146591492,0.0077
DPS21013,0.8549730838246603,0.0081
DPS21013,0.8554587391081496,0.0079
DPS21013,0.9079958995386981,0.0019
DPS21013,0.9092540374263011,0.0017
DPS21013,0.9106868272680676,0.0021
DPS21013,1.0,99.31756666666666
DPS21013,1.198167606355715,0.0437
DPS21013,1.1984238851870834,0.0415
DPS21013,1.199115611381697,0.0389
DPS21013,1.2692849820604817,0.0208
DPS21013,1.2696694003075346,0.0228
DPS21013,1.2698026147141759,0.0194
DPS21013,1.3237442337262944,0.4303
DPS21013,1.323763137657011,0.4271
DPS21013,1.3238723731419784,0.4368
DPS21013,1.6869392463470907,0.0024
DPS21013,1.6870835468990262,0.0035
DPS21013,1.6887493593029215,0.0027
DPS21013,2.2053434136340337,0.0171
DPS21013,2.2061763198359814,0.017
DPS21013,2.2070622917200717,0.0171
DPS21013,2.2686442849820603,0.0063
DPS21013,2.269477191184008,0.0067
DPS21013,2.2707639066905925,0.0063
DPS21013,2.3497565351101994,0.0304
DPS21013,2.3505253716043053,0.0301
DPS21013,2.3515124327095616,0.0319
DPS21013,2.3976166068682723,0.0244
DPS21013,2.398385443362378,0.0246
DPS21013,2.399512945398616,0.0247
DPS21013,2.4299077396207074,0.018
DPS21013,2.430676576114813,0.0182
DPS21013,2.4318123558062035,0.0183
DPS21014,0.3386962374206781,0.002
DPS21014,0.33895479320294963,0.0022
DPS21014,0.33897544399564017,0.002
DPS21014,0.3523492083840779,0.0014
DPS21014,0.352375456818619,0.0014
DPS21014,0.35242064764347547,0.0013
DPS21014,0.4888789180180757,0.0327
DPS21014,0.48893876242385376,0.0323
DPS21014,0.4889401808040008,0.0327
DPS21014,0.5046471380039741,0.0123
DPS21014,0.5049047893825735,0.0126
DPS21014,0.5049054184033344,0.0122
DPS21014,0.6432279982052432,0.0087
DPS21014,0.6432831035588329,0.0088
DPS21014,0.643392960184651,0.0089
DPS21014,0.688225113774758,0.0059
DPS21014,0.6884016156953261,0.0059
DPS21014,0.6978518756011541,0.006
DPS21014,0.772770976219473,0.0055
DPS21014,0.7730973905238187,0.0053
DPS21014,0.7731965373517152,0.0051
DPS21014,0.8224658588190037,0.0105
DPS21014,0.8230201987816608,0.0103
DPS21014,0.8232805589385295,0.0103
DPS21014,0.8573901891631933,0.0086
DPS21014,0.8576649355645317,0.0085
DPS21014,0.8577014293955515,0.0083
DPS21014,0.9100993908303943,0.0032
DPS21014,0.9101750336603193,0.0031
DPS21014,0.9102621626818793,0.003
DPS21014,1.0,99.30623333333334
DPS21014,1.2021665277866802,0.0426
DPS21014,1.2036930178880554,0.0418
DPS21014,1.2037191407502403,0.0439
DPS21014,1.2788997884208502,0.0209
DPS21014,1.279020575604128,0.023
DPS21014,1.2793202949663354,0.0234
DPS21014,1.3251266269154325,0.439
DPS21014,1.3251714633677327,0.4423
DPS21014,1.3254248156460404,0.4425
DPS21014,1.6951336795537604,0.0029
DPS21014,1.698609063521569,0.0033
DPS21014,1.6986213529977556,0.0027
DPS21014,2.20703801038395,0.015
DPS21014,2.2080153895479318,0.0153
DPS21014,2.2080528306725653,0.0151
DPS21014,2.2670982629318632,0.0062
DPS21014,2.2679705033664637,0.0059
DPS21014,2.2680643713534656,0.006
DPS21014,2.3469008396897633,0.028
DPS21014,2.3478232993524397,0.0291
DPS21014,2.3480602757294005,0.0139
DPS21014,2.3654252932504325,0.0047
DPS21014,2.3665448483682763,0.0042
DPS21014,2.3673613337608206,0.0042
DPS21014,2.3988205884238187,0.0242
DPS21014,2.399871753767233,0.0245
DPS21014,2.3998845931909982,0.0238
DPS21014,2.4315108005897055,0.0205
DPS21014,2.4325104200064125,0.0204
DPS21014,2.432647303968712,0.0209
DPS21015,0.3386280663549606,0.002
DPS21015,0.33914269238162364,0.0022
DPS21015,0.33918615828260174,0.0021
DPS21015,0.3519384812560077,0.0012
DPS21015,0.35208560261421157,0.0012
DPS21015,0.35246269134695446,0.0012
DPS21015,0.4888874655735605,0.0315
DPS21015,0.4890740147388657,0.0315
DPS21015,0.48907541487793943,0.0307
DPS21015,0.5046435662588868,0.0112
DPS21015,0.5048375728839624,0.012
DPS21015,0.5048381928868952,0.0111
DPS21015,0.6427336194197144,0.0083
DPS21015,0.6430447875953098,0.0082
DPS21015,0.6432553668695931,0.0081
DPS21015,0.6886012686614981,0.0071
DPS21015,0.6983283161468008,0.0069
DPS21015,0.6987504005126561,0.0065
DPS21015,0.7725728933034283,0.0038
DPS21015,0.7726894254787677,0.0038
DPS21015,0.773178701864548,0.0038
DPS21015,0.8223873902735953,0.009
DPS21015,0.8223915967463011,0.0093
DPS21015,0.8230695289971163,0.0094
DPS21015,0.857243544563337,0.0073
DPS21015,0.8572984051751745,0.0075
DPS21015,0.8574815764178148,0.0074
DPS21015,0.9116949695610381,0.0019
DPS21015,0.9117062856410585,0.0018
DPS21015,0.912380708384039,0.0014
DPS21015,1.0,99.2169
DPS21015,1.202651636456799,0.0386
DPS21015,1.2029858396873196,0.0423
DPS21015,1.2038449214995195,0.0414
DPS21015,1.2785499263434317,0.0248
DPS21015,1.2790414557570322,0.0229
DPS21015,1.2794617109900672,0.0233
DPS21015,1.3244091462243004,0.539
DPS21015,1.324662010636253,0.5333
DPS21015,1.3247677026594038,0.534
DPS21015,1.6924062800384492,0.0032
DPS21015,1.6943572663805804,0.0033
DPS21015,1.6952008714038573,0.0028
DPS21015,2.2045731121501313,0.0142
DPS21015,2.2060613827128854,0.0138
DPS21015,2.206472284524191,0.0144
DPS21015,2.2645872029718825,0.0067
DPS21015,2.2662266931505095,0.0068
DPS21015,2.266709388016661,0.0066
DPS21015,2.344456542624736,0.0279
DPS21015,2.34542192605882,0.028
DPS21015,2.3460429349567447,0.0282
DPS21015,2.3626465125216165,0.004
DPS21015,2.364195553277376,0.0039
DPS21015,2.364498558154438,0.0044
DPS21015,2.3961442387753795,0.0225
DPS21015,2.3977061574934324,0.0229
DPS21015,2.3980775392502403,0.0236
DPS21015,2.4291295715109205,0.0208
DPS21015,2.4307041712052286,0.021
DPS21015,2.431015700096123,0.0214
DPS21016,0.33943193449334697,0.002
DPS21016,0.3397374319564521,0.0021
DPS21016,0.33988854013195824,0.0019
DPS21016,0.3521622313203685,0.0016
DPS21016,0.3535968227531868,0.0014
DPS21016,0.3538264489273135,0.0014
DPS21016,0.48931678607983625,0.0338
DPS21016,0.4900416266410503,0.0342
DPS21016,0.49010313240663633,0.0344
DPS21016,0.505053735926305,0.0182
DPS21016,0.5057316682676913,0.0184
DPS21016,0.505733136890654,0.0183
DPS21016,0.6437436028659161,0.0101
DPS21016,0.6444444444444445,0.0104
DPS21016,0.6445455127794503,0.0105
DPS21016,0.6971596724667349,0.0059
DPS21016,0.6998911024277753,0.0064
DPS21016,0.7002881844380404,0.0059
DPS21016,0.773349539406346,0.0053
DPS21016,0.774447646493756,0.0051
DPS21016,0.774517968099417,0.0055
DPS21016,0.8233111566018423,0.0142
DPS21016,0.8242265069502275,0.0148
DPS21016,0.8247198206852385,0.0137
DPS21016,0.8579836233367452,0.0128
DPS21016,0.8592018448529882,0.0134
DPS21016,0.8594300352225425,0.0126
DPS21016,0.9085849539406345,0.0037
DPS21016,0.9098071872397667,0.0041
DPS21016,0.9113672750560359,0.0036
DPS21016,1.0,99.24133333333333
DPS21016,1.2034288638689867,0.037
DPS21016,1.205443483829651,0.0372
DPS21016,1.2056882967138556,0.0369
DPS21016,1.2751407369498464,0.0218
DPS21016,1.2754468003330985,0.022
DPS21016,1.2758885686839576,0.0224
DPS21016,1.3262538382804503,0.48
DPS21016,1.3279098071872397,0.4798
DPS21016,1.3281460134486072,0.4803
DPS21016,1.6977265449887928,0.0038
DPS21016,1.698247185261003,0.0029
DPS21016,1.6994427006597912,0.0035
DPS21016,2.140289150460594,0.0032
DPS21016,2.1421709894332372,0.0039
DPS21016,2.1436807379411955,0.0043
DPS21016,2.1732343909928353,0.0041
DPS21016,2.1749599743836057,0.0041
DPS21016,2.176542181794888,0.0045
DPS21016,2.199078812691914,0.0198
DPS21016,2.200832532821005,0.0203
DPS21016,2.202421369547114,0.0207
DPS21016,2.259659672466735,0.0062
DPS21016,2.2615433877681714,0.006
DPS21016,2.263404009992954,0.0065
DPS21016,2.3007932446264077,0.0292
DPS21016,2.3027857829010565,0.0286
DPS21016,2.3045929152520657,0.0118
DPS21016,2.35664022517912,0.0031
DPS21016,2.358757604867115,0.0028
DPS21016,2.3603869066683747,0.003
DPS21016,2.3893295803480044,0.0267
DPS21016,2.3914185078450205,0.0265
DPS21016,2.3929921209403626,0.0266
DPS21016,2.419588024564995,0.0202
DPS21016,2.4217098943323725,0.0204
DPS21016,2.42335532637243,0.0204
DPS21017,0.3357034986156557,0.0018
DPS21017,0.3358082174542251,0.00185
DPS21017,0.34942109237352126,0.0016
DPS21017,0.3497766312212924,0.00165
DPS21017,0.37496853762899574,0.0013
DPS21017,0.37525954822878,0.0013
DPS21017,0.375385389794249,0.0015
DPS21017,0.47306821042033725,0.02
DPS21017,0.47310136538098535,0.02005
DPS21017,0.4859048577900831,0.0157
DPS21017,0.4859372050588309,0.0155
DPS21017,0.5009123513496508,0.0227
DPS21017,0.5009438711301284,0.0224
DPS21017,0.5009752721323852,0.0225
DPS21017,0.6395268357138363,0.0114
DPS21017,0.6396526772793053,0.0116
DPS21017,0.6396929272589983,0.0115
DPS21017,0.6849987415051598,0.0045
DPS21017,0.6960296986094506,0.0048
DPS21017,0.6962184609576543,0.0056
DPS21017,0.7680739948404959,0.0049
DPS21017,0.7681852504404733,0.0063
DPS21017,0.7682627571886994,0.006
DPS21017,0.8191027496382055,0.0135
DPS21017,0.8194059904354393,0.014
DPS21017,0.8199207198137545,0.0127
DPS21017,0.8575473478890077,0.0154
DPS21017,0.8577361102372113,0.0161
DPS21017,0.8579159325446766,0.0166
DPS21017,0.9000817970175549,0.0031
DPS21017,0.9017115529826328,0.0042
DPS21017,0.9017806581513874,0.0024
DPS21017,1.0,99.22576666666667
DPS21017,1.206380167369282,0.0403
DPS21017,1.2070093751966273,0.0431
DPS21017,1.2072111754341808,0.0435
DPS21017,1.274082929591644,0.0179
DPS21017,1.2742260256732947,0.0186
DPS21017,1.2742716919398476,0.0191
DPS21017,1.320329704901529,0.4799
DPS21017,1.3204127863075763,0.4815
DPS21017,1.6863398980683317,0.0039
DPS21017,1.6873269569594767,0.003
DPS21017,1.6874724721575536,0.0041
DPS21017,2.1077203800415276,0.004
DPS21017,2.107853007802668,0.0039
DPS21017,2.107909142389731,0.0041
DPS21017,2.163971559806204,0.0183
DPS21017,2.164107727158319,0.0186
DPS21017,2.164160322154408,0.0185
DPS21017,2.224123828100421,0.0066
DPS21017,2.2242496696658907,0.0063
DPS21017,2.2243267052605082,0.0068
DPS21017,2.2759076322909455,0.029
DPS21017,2.2761137679335515,0.03
DPS21017,2.2846536210910466,0.015
DPS21017,2.319008368464104,0.0056
DPS21017,2.319154291467405,0.0058
DPS21017,2.319197130812307,0.0058
DPS21017,2.351475492355125,0.0313
DPS21017,2.3515605336018126,0.0317
DPS21017,2.351727175486063,0.0311
DPS21017,2.3806078147612157,0.0207
DPS21017,2.380694689151775,0.0206
DPS21017,2.3807336563266848,0.0207
DPS21018,0.33557637884409786,0.0021
DPS21018,0.33570305127398553,0.0021
DPS21018,0.33574438643939875,0.002
DPS21018,0.348971762782215,0.0017
DPS21018,0.34904057879836425,0.0017
DPS21018,0.34933014655009753,0.0016
DPS21018,0.3746461151305442,0.0012
DPS21018,0.3748663437952073,0.0013
DPS21018,0.37488208288786873,0.0012
DPS21018,0.47280045280171057,0.0205
DPS21018,0.47298572237247627,0.0208
DPS21018,0.4730418370556779,0.0204
DPS21018,0.48581850198100746,0.0162
DPS21018,0.48594251210767975,0.0164
DPS21018,0.48600188738597044,0.0159
DPS21018,0.5007861140808755,0.0201
DPS21018,0.5009120070444683,0.0199
DPS21018,0.500975149418056,0.0197
DPS21018,0.6392679705678888,0.0105
DPS21018,0.639599974841185,0.0105
DPS21018,0.63963510537905,0.0099
DPS21018,0.6958299264104661,0.0057
DPS21018,0.6966857430350292,0.0054
DPS21018,0.6973891160742373,0.0053
DPS21018,0.768002012452047,0.0042
DPS21018,0.7682244166299768,0.005
DPS21018,0.768354828562441,0.0033
DPS21018,0.8189367725699905,0.0104
DPS21018,0.8192339140826468,0.0114
DPS21018,0.8198226526633545,0.0111
DPS21018,0.8564957533815666,0.0131
DPS21018,0.8576190176718446,0.0143
DPS21018,0.85772690106296,0.0136
DPS21018,0.8998050191835965,0.0025
DPS21018,0.9010125149361675,0.0019
DPS21018,0.9012268008807801,0.0015
DPS21018,1.0,99.22096666666668
DPS21018,1.2069681152128797,0.0503
DPS21018,1.2078118120636518,0.0473
DPS21018,1.2078641082101291,0.0483
DPS21018,1.2731274762593547,0.0188
DPS21018,1.2739165985282095,0.0185
DPS21018,1.2741742686379365,0.0179
DPS21018,1.3201056537324696,0.4935
DPS21018,1.320145921127115,0.4954
DPS21018,1.3203523120478138,0.4926
DPS21018,1.6863953707780366,0.0044
DPS21018,1.6873781523174642,0.0038
DPS21018,1.6877005347593583,0.0032
DPS21018,2.1063455128608264,0.0028
DPS21018,2.106987860871753,0.0026
DPS21018,2.1078326517772883,0.0037
DPS21018,2.1628828375573868,0.0188
DPS21018,2.163658091703881,0.0193
DPS21018,2.1644542308902173,0.0194
DPS21018,2.222564618577448,0.004
DPS21018,2.223347380338386,0.0047
DPS21018,2.2244101918842403,0.0045
DPS21018,2.2739450349034653,0.0258
DPS21018,2.2748600540914525,0.024
DPS21018,2.2765020446681348,0.028
DPS21018,2.317212753914848,0.0045
DPS21018,2.3178816277753316,0.0042
DPS21018,2.319031141868512,0.007
DPS21018,2.3499779888057355,0.0263
DPS21018,2.3505880873010883,0.0272
DPS21018,2.3515570934256056,0.0306
DPS21018,2.379095654361361,0.0196
DPS21018,2.3797094156865213,0.0206
DPS21018,2.3806228373702423,0.0213
DPS21019,0.33873153106652043,0.0042
DPS21019,0.3390552400619514,0.0041
DPS21019,0.3391186528163107,0.0038
DPS21019,0.37647590167107553,0.001
DPS21019,0.3775727466288148,0.0009
DPS21019,0.37796850800206505,0.0013
DPS21019,0.4791922059487708,0.02
DPS21019,0.4792567262404026,0.0204
DPS21019,0.479478575116159,0.02
DPS21019,0.48964449319310926,0.0143
DPS21019,0.48999741868869384,0.0145
DPS21019,0.5055810052261436,0.01785
DPS21019,0.5058724832214765,0.0182
DPS21019,0.6433963481514936,0.0101
DPS21019,0.6434608684431253,0.01
DPS21019,0.643649974186887,0.0103
DPS21019,0.6908832827924382,0.0055
DPS21019,0.70018069179143,0.0054
DPS21019,0.7006258468288277,0.0051
DPS21019,0.7745869901910171,0.0041
DPS21019,0.7746951416220401,0.0039
DPS21019,0.7752113039550939,0.0033
DPS21019,0.8233434415123556,0.0122
DPS21019,0.8240531647203045,0.0114
DPS21019,0.8242127000516262,0.0124
DPS21019,0.8569585134524808,0.0123
DPS21019,0.8573180175529168,0.0124
DPS21019,0.8574746757855345,0.0125
DPS21019,0.9101232337570165,0.00225
DPS21019,0.9137842023748064,0.003
DPS21019,1.0,99.1878
DPS21019,1.204206723014388,0.0531
DPS21019,1.2045043882292203,0.0556
DPS21019,1.20465836505581,0.0462
DPS21019,1.2844699658042456,0.0128
DPS21019,1.2847280469707723,0.0126
DPS21019,1.285105833763552,0.0134
DPS21019,1.32782760178076,0.4901
DPS21019,1.3278921220723916,0.4888
DPS21019,1.3282782653588021,0.4952
DPS21019,1.6983676366217175,0.0045
DPS21019,1.7005033557046978,0.0043
DPS21019,1.7013355700367765,0.0047
DPS21019,2.153364733208594,0.0028
DPS21019,2.153523489932886,0.003
DPS21019,2.1537518549583843,0.0029
DPS21019,2.2138847667591457,0.02
DPS21019,2.2140552400619513,0.021
DPS21019,2.2142073682173042,0.0203
DPS21019,2.276340409058649,0.0063
DPS21019,2.2764584408879713,0.0073
DPS21019,2.276727530808439,0.0075
DPS21019,2.338860571649784,0.03
DPS21019,2.339248838409912,0.0312
DPS21019,2.339634815149364,0.0157
DPS21019,2.374798374088651,0.0074
DPS21019,2.375056455255178,0.0077
DPS21019,2.3750645327826536,0.0076
DPS21019,2.4085424866120393,0.045
DPS21019,2.4087360474869346,0.0474
DPS21019,2.408879710893134,0.0464
DPS21019,2.439125104845474,0.0402
DPS21019,2.439318665720369,0.0377
DPS21019,2.4394037170882807,0.037
DPS21020,0.3384724551670752,0.0041
DPS21020,0.3386878265918328,0.0042
DPS21020,0.33870863703799264,0.0043
DPS21020,0.37659656818475035,0.0011
DPS21020,0.37663677997806877,0.0013
DPS21020,0.3777820785755758,0.001
DPS21020,0.4789704554251064,0.0187
DPS21020,0.47900406372960075,0.0193
DPS21020,0.4790658667182763,0.0187
DPS21020,0.4894852277125532,0.0139
DPS21020,0.48964582930133543,0.0138
DPS21020,0.48971166870928207,0.0141
DPS21020,0.50535414785189,0.0154
DPS21020,0.5053860543120686,0.0155
DPS21020,0.5053867492419843,0.0152
DPS21020,0.642520802425337,0.0116
DPS21020,0.6425391910199343,0.0121
DPS21020,0.6425622500322539,0.0118
DPS21020,0.6990259949687158,0.004
DPS21020,0.6991161860525128,0.0046
DPS21020,0.7002322280996001,0.0042
DPS21020,0.7740790916715051,0.0028
DPS21020,0.7744952589821325,0.004
DPS21020,0.7750612824151722,0.0036
DPS21020,0.8233131208876273,0.0116
DPS21020,0.8235597703373976,0.0117
DPS21020,0.8239050506353609,0.0118
DPS21020,0.8578156247984001,0.0096
DPS21020,0.8586080113526414,0.0101
DPS21020,0.8586633982711908,0.0102
DPS21020,0.911231533449455,0.0022
DPS21020,0.9135651164290782,0.0018
DPS21020,0.9139465875370919,0.0021
DPS21020,1.0,99.24156666666666
DPS21020,1.2029415559282672,0.0478
DPS21020,1.2037025091917695,0.049
DPS21020,1.2048900070963164,0.051
DPS21020,1.2806089536833956,0.0114
DPS21020,1.2813366879556156,0.0104
DPS21020,1.2813648971166869,0.0088
DPS21020,1.3278286672687394,0.4536
DPS21020,1.327849816140894,0.4543
DPS21020,1.3278720247693994,0.4511
DPS21020,1.699413016835451,0.0055
DPS21020,1.70059996129282,0.005
DPS21020,1.7006837827377113,0.005
DPS21020,2.213184544926788,0.0185
DPS21020,2.2133918204102696,0.018
DPS21020,2.213728146571189,0.023
DPS21020,2.2753015545378314,0.0061
DPS21020,2.275512837053283,0.0065
DPS21020,2.2759821946971166,0.006
DPS21020,2.338579629749081,0.0307
DPS21020,2.338601470777964,0.0304
DPS21020,2.3389458744597125,0.0325
DPS21020,2.3738631232664646,0.0075
DPS21020,2.3740162559669717,0.0075
DPS21020,2.3743629443261725,0.0075
DPS21020,2.407727536605818,0.0521
DPS21020,2.4078828538253125,0.0496
DPS21020,2.408167215018386,0.0447
DPS21020,2.4379797458556407,0.0283
DPS21020,2.4380725067733198,0.0297
DPS21020,2.4383588155602864,0.0332
DPS21021,0.33900196979645436,0.0039
DPS21021,0.3396214013408702,0.0036
DPS21021,0.33977773393831784,0.0037
DPS21021,0.48319107025607355,0.03
DPS21021,0.4838964112002103,0.03
DPS21021,0.483921878082462,0.0301
DPS21021,0.5087984241628365,0.0129
DPS21021,0.5095306954121204,0.013
DPS21021,0.5096994805024002,0.0127
DPS21021,0.5447143795141168,0.0009
DPS21021,0.544892861837781,0.0014
DPS21021,0.546393108436904,0.0008
DPS21021,0.6471437951411687,0.0104
DPS21021,0.6478901012225581,0.0123
DPS21021,0.648254093509568,0.0121
DPS21021,0.6919238345370978,0.0059
DPS21021,0.7025108452740897,0.0047
DPS21021,0.7029657394620897,0.0056
DPS21021,0.7780039395929087,0.0039
DPS21021,0.7786249507032996,0.0035
DPS21021,0.7793121588742027,0.0039
DPS21021,0.8249507550886408,0.0113
DPS21021,0.8269357171026686,0.0104
DPS21021,0.8270533307029657,0.0112
DPS21021,0.8594878529218647,0.0065
DPS21021,0.8606546601814118,0.0066
DPS21021,0.8606562767146708,0.0077
DPS21021,0.9224041559807982,0.002
DPS21021,0.9226526592252133,0.0022
DPS21021,0.9251347443144472,0.0013
DPS21021,1.0,99.24236666666667
DPS21021,1.2109652002626397,0.0503
DPS21021,1.2110556066780598,0.0497
DPS21021,1.211744591306635,0.0512
DPS21021,1.2745239658568615,0.0066
DPS21021,1.2771789141580123,0.0072
DPS21021,1.277503781153416,0.0068
DPS21021,1.331188443860801,0.5094
DPS21021,1.3325884054160642,0.51
DPS21021,1.333136055763793,0.5107
DPS21021,1.7179908076165462,0.0042
DPS21021,1.7202576574207966,0.0056
DPS21021,1.7236798842638257,0.0044
DPS21021,1.8501641497045305,0.0055
DPS21021,1.8549362429341396,0.0066
DPS21021,1.8642730321562437,0.0062
DPS21021,2.218319107025607,0.0016
DPS21021,2.2194031812803994,0.0015
DPS21021,2.2213454330242652,0.0015
DPS21021,2.2462245567957977,0.0146
DPS21021,2.2472065203102405,0.0136
DPS21021,2.2491615703294534,0.0143
DPS21021,2.311162179908076,0.0049
DPS21021,2.3119495201787825,0.003
DPS21021,2.3143289274676135,0.005
DPS21021,2.3526592252133947,0.0219
DPS21021,2.3553306165373997,0.01
DPS21021,2.3558229762609324,0.0212
DPS21021,2.377806959947472,0.0034
DPS21021,2.378927303799132,0.0032
DPS21021,2.3809429867824026,0.0035
DPS21021,2.4133289560078794,0.0072
DPS21021,2.413697909819903,0.002
DPS21021,2.416584467679358,0.007
DPS21021,2.4475377544320422,0.0274
DPS21021,2.4487971605100567,0.0225
DPS21021,2.4508450055895312,0.0271
DPS21021,2.4779382797110965,0.0196
DPS21021,2.479295385828842,0.019
DPS21021,2.4813572696784374,0.0195
DPS21022,0.33917437815843016,0.005
DPS21022,0.33924349881796695,0.0037
DPS21022,0.3398856090986786,0.0037
DPS21022,0.37625516834022443,0.0008
DPS21022,0.3764118728657736,0.0008
DPS21022,0.37735849056603776,0.0009
DPS21022,0.48283782896895716,0.0336
DPS21022,0.4830575256107171,0.0339
DPS21022,0.4835973966208665,0.033
DPS21022,0.5087615672376452,0.0157
DPS21022,0.5089965852377201,0.0149
DPS21022,0.5095654460587733,0.0156
DPS21022,0.5443328739253134,0.0021
DPS21022,0.544588915156291,0.0019
DPS21022,0.5456577476825981,0.0018
DPS21022,0.6469121218087549,0.0152
DPS21022,0.6472287890727607,0.0141
DPS21022,0.6478863980014463,0.0154
DPS21022,0.6914090700269082,0.0066
DPS21022,0.6924087207775151,0.0056
DPS21022,0.6924594043784104,0.0064
DPS21022,0.7775152589092341,0.004
DPS21022,0.7779091147885474,0.0034
DPS21022,0.7789757412398922,0.0039
DPS21022,0.8248999146813678,0.0187
DPS21022,0.8255187811925401,0.0191
DPS21022,0.8261784235093025,0.0191
DPS21022,0.8589440504334122,0.0124
DPS21022,0.859552405329133,0.0121
DPS21022,0.8603642101111038,0.0125
DPS21022,0.9231476012338388,0.0029
DPS21022,0.9232335172051483,0.0029
DPS21022,0.9245283018867925,0.0027
DPS21022,1.0,99.2382
DPS21022,1.2106057622891646,0.0498
DPS21022,1.2122406094037301,0.05
DPS21022,1.2128065215962132,0.0514
DPS21022,1.2746603662138216,0.0098
DPS21022,1.2756763856054636,0.0089
DPS21022,1.2765104200907238,0.0098
DPS21022,1.3308394040821683,0.4624
DPS21022,1.331625952193328,0.4585
DPS21022,1.3329827098810072,0.466
DPS21022,1.7174284213291304,0.0028
DPS21022,1.7182516243354993,0.0031
DPS21022,1.7229636447307868,0.0031
DPS21022,1.843183609141056,0.007
DPS21022,1.8493797991730654,0.0085
DPS21022,1.849451055157452,0.0066
DPS21022,2.158955174903196,0.0027
DPS21022,2.159705805095876,0.0021
DPS21022,2.1625139701531784,0.0023
DPS21022,2.181925575900768,0.0029
DPS21022,2.1823614394536377,0.0024
DPS21022,2.1851949247255273,0.0027
DPS21022,2.245061363785522,0.0182
DPS21022,2.245600210139217,0.0183
DPS21022,2.24843862993886,0.0182
DPS21022,2.2803701516046466,0.0022
DPS21022,2.2809298660362494,0.0024
DPS21022,2.283742028794951,0.0023
DPS21022,2.310034783750082,0.0051
DPS21022,2.3106776989755713,0.0048
DPS21022,2.313588850174216,0.0049
DPS21022,2.3502758077226162,0.0243
DPS21022,2.3508564678086237,0.0214
DPS21022,2.3531654723555318,0.0236
DPS21022,2.412285883047844,0.0077
DPS21022,2.412989230365117,0.008
DPS21022,2.4160147261849976,0.008
DPS21022,2.4462164468071146,0.0265
DPS21022,2.4469398476490674,0.0268
DPS21022,2.450003287094866,0.0267
DPS21022,2.476668635558181,0.0229
DPS21022,2.477410034147623,0.0237
DPS21022,2.480573269344553,0.0232
DPS21022,2.494651178053423,0.0034
DPS21022,2.4954688731284476,0.0032
DPS21022,2.498652291105121,0.0023
DPS22001,0.33941724789779026,0.0063
DPS22001,0.34000260688216893,0.006
DPS22001,0.34056554599947875,0.007
DPS22001,0.4907763509549573,0.0318
DPS22001,0.490810740354536,0.0321
DPS22001,0.4908131352619234,0.0309
DPS22001,0.5075579880114672,0.0073
DPS22001,0.5076592138713253,0.0075
DPS22001,0.5078206465067779,0.0071
DPS22001,0.646176911544228,0.0075
DPS22001,0.6463382851185822,0.0076
DPS22001,0.6463764337851929,0.0071
DPS22001,0.7008669578254352,0.0085
DPS22001,0.7013164754953076,0.0087
DPS22001,0.7017852488923638,0.0093
DPS22001,0.776713578316393,0.0036
DPS22001,0.777589466136497,0.003
DPS22001,0.7780239833159542,0.003
DPS22001,0.8260359655981235,0.011
DPS22001,0.8263476957173588,0.0104
DPS22001,0.8265771637122002,0.0105
DPS22001,0.858418034923117,0.0054
DPS22001,0.8588097255719966,0.0052
DPS22001,0.8593587069864442,0.0053
DPS22001,0.9178180396246091,0.0026
DPS22001,0.9186864738076622,0.0013
DPS22001,0.9192360341568346,0.0018
DPS22001,1.0,99.24883333333332
DPS22001,1.2023336158007953,0.0289
DPS22001,1.2026322647902006,0.0287
DPS22001,1.2027502606882168,0.0278
DPS22001,1.281600208496221,0.0344
DPS22001,1.2819242552636725,0.0342
DPS22001,1.2819343065693432,0.0347
DPS22001,1.330140734949179,0.4988
DPS22001,1.3302919708029197,0.4954
DPS22001,1.3304217456489147,0.5002
DPS22001,1.7038050560333593,0.0043
DPS22001,1.7039306433739654,0.0033
DPS22001,1.704509906152242,0.0046
DPS22001,1.8886643634704388,0.0046
DPS22001,1.8988141777430283,0.0039
DPS22001,1.9019812304483839,0.0047
DPS22001,2.235665884805838,0.012
DPS22001,2.2361183524504695,0.0121
DPS22001,2.23688155922039,0.0119
DPS22001,2.2986708365910866,0.0122
DPS22001,2.2991397288842546,0.012
DPS22001,2.2997848901636138,0.0126
DPS22001,2.367577081024705,0.0088
DPS22001,2.368582225697159,0.0253
DPS22001,2.368808654848801,0.0237
DPS22001,2.4332812092780816,0.0273
DPS22001,2.433785192909281,0.0274
DPS22001,2.4346522390978427,0.0271
DPS22001,2.4662496742246542,0.0283
DPS22001,2.4667622523461943,0.0286
DPS22001,2.4675053777459097,0.028
DPS22002,0.33917404898384573,0.0057
DPS22002,0.3394357938627924,0.0041
DPS22002,0.33963001563314227,0.0062
DPS22002,0.48436685773840543,0.0145
DPS22002,0.4844971339239187,0.0159
DPS22002,0.4847221317349665,0.0158
DPS22002,0.48941299107433706,0.0149
DPS22002,0.4895127670661803,0.0165
DPS22002,0.48977331943720687,0.0151
DPS22002,0.5076211568525274,0.0091
DPS22002,0.5077203726627142,0.0092
DPS22002,0.5078165711307973,0.0093
DPS22002,0.6457139134966128,0.0087
DPS22002,0.6457790515893694,0.0084
DPS22002,0.6461007231741481,0.0087
DPS22002,0.70186294945284,0.0075
DPS22002,0.7019932256383532,0.008
DPS22002,0.7024561860707538,0.0072
DPS22002,0.7772277227722773,0.0023
DPS22002,0.7779442417926002,0.0027
DPS22002,0.7780962929181053,0.0026
DPS22002,0.8255912437292332,0.0081
DPS22002,0.8259510161542469,0.0081
DPS22002,0.8262115685252736,0.0085
DPS22002,0.8586503387180824,0.0057
DPS22002,0.8589108910891089,0.006
DPS22002,0.8597302755879862,0.0057
DPS22002,0.9171443460135487,0.0017
DPS22002,0.9186266206267509,0.0014
DPS22002,0.918903074517978,0.0016
DPS22002,1.0,99.27313333333332
DPS22002,1.2019280875455967,0.0301
DPS22002,1.2023189161021364,0.0322
DPS22002,1.2026842139553067,0.0307
DPS22002,1.2809405940594059,0.0316
DPS22002,1.2810708702449194,0.0318
DPS22002,1.2814515603622385,0.0305
DPS22002,1.3300547159979157,0.468
DPS22002,1.3301198540906722,0.464
DPS22002,1.3303146784806827,0.4653
DPS22002,1.703954655026386,0.0049
DPS22002,1.7042079207920793,0.0052
DPS22002,1.7051849921834288,0.0054
DPS22002,1.8865945805106827,0.0046
DPS22002,1.892196456487754,0.0045
DPS22002,1.8968010945338458,0.0049
DPS22002,2.2345622720166753,0.015
DPS22002,2.23493387191348,0.0137
DPS22002,2.2350182386659716,0.0144
DPS22002,2.2967040125065137,0.0105
DPS22002,2.2972832106326146,0.0108
DPS22002,2.297420531526837,0.0107
DPS22002,2.365750390828557,0.0261
DPS22002,2.366017330119226,0.0242
DPS22002,2.3660760812923396,0.0259
DPS22002,2.4318004168837937,0.0321
DPS22002,2.4324517978113604,0.0318
DPS22002,2.43247117076031,0.0317
DPS22002,2.4646300156331424,0.0267
DPS22002,2.4652813965607088,0.0272
DPS22002,2.4653723369600624,0.0269
DPS22003,0.33830018545756857,0.0038
DPS22003,0.3385499840306611,0.0031
DPS22003,0.3388313514895793,0.0031
DPS22003,0.3492997378013685,0.0014
DPS22003,0.3496007665282657,0.0014
DPS22003,0.3512338575629715,0.0013
DPS22003,0.37532774828931376,0.0007
DPS22003,0.37757320035801045,0.001
DPS22003,0.37879271798147557,0.0005
DPS22003,0.477994251038007,0.0126
DPS22003,0.4780968216409797,0.0133
DPS22003,0.4783275795934024,0.0126
DPS22003,0.4887256467582242,0.0175
DPS22003,0.4888405704419006,0.0177
DPS22003,0.48900396368750804,0.0178
DPS22003,0.5041839667837752,0.0076
DPS22003,0.5042527339003645,0.0075
DPS22003,0.5044112006137322,0.0079
DPS22003,0.5501055189614377,0.0007
DPS22003,0.550686681571383,0.0016
DPS22003,0.5512082853855006,0.0011
DPS22003,0.6419389908550234,0.0088
DPS22003,0.6420951772596615,0.0085
DPS22003,0.6421173762945915,0.0098
DPS22003,0.6860375911008822,0.0036
DPS22003,0.6877036090705845,0.0029
DPS22003,0.6878557268018162,0.0037
DPS22003,0.6988821462791441,0.0044
DPS22003,0.6991110826884952,0.0049
DPS22003,0.6999104973788518,0.0047
DPS22003,0.7712551900351325,0.0052
DPS22003,0.7716313870947112,0.0043
DPS22003,0.7717043856284362,0.005
DPS22003,0.8213350367294795,0.009
DPS22003,0.8220246850418877,0.0089
DPS22003,0.823168392788646,0.0111
DPS22003,0.8579011319306772,0.0055
DPS22003,0.8579465541490858,0.0066
DPS22003,0.8580006387735548,0.0056
DPS22003,0.9077188719063759,0.0016
DPS22003,0.9091025231555414,0.0017
DPS22003,0.9099220048587138,0.0018
DPS22003,1.0,99.1841
DPS22003,1.13350367294794,0.0451
DPS22003,1.1351489579337681,0.0433
DPS22003,1.1415872609835644,0.048
DPS22003,1.2052379431491536,0.0288
DPS22003,1.2056020975890516,0.0274
DPS22003,1.2058560286408386,0.0292
DPS22003,1.2778026189715748,0.0327
DPS22003,1.2778665984523885,0.0338
DPS22003,1.2782252908835188,0.0329
DPS22003,1.3219418716065157,0.5246
DPS22003,1.322273366577164,0.5237
DPS22003,1.322504316684786,0.5241
DPS22003,1.687895241137017,0.004
DPS22003,1.6892341132847462,0.0026
DPS22003,1.689774253373409,0.0033
DPS22003,2.2592781858831046,0.0083
DPS22003,2.260196905766526,0.0051
DPS22003,2.260599859308051,0.0085
DPS22003,2.3192590226764613,0.0332
DPS22003,2.32148110251327,0.0337
DPS22003,2.3238076972254187,0.0088
DPS22003,2.3900351325455125,0.0326
DPS22003,2.3915100370796574,0.0329
DPS22003,2.3916991750335743,0.0333
DPS22003,2.418077291600128,0.0308
DPS22003,2.41963943229766,0.0315
DPS22003,2.419773613864552,0.031
DPS22004,0.3365005494150346,0.0074
DPS22004,0.3377238515442512,0.0077
DPS22004,0.3377685467644577,0.0077
DPS22004,0.48263776205620823,0.0341
DPS22004,0.48267583701012196,0.0342
DPS22004,0.48678172063861413,0.0347
DPS22004,0.504233727619417,0.0125
DPS22004,0.5062289125356865,0.0128
DPS22004,0.5064581034594665,0.0127
DPS22004,0.6417813974532998,0.011
DPS22004,0.6440436023877498,0.0109
DPS22004,0.6443175180112936,0.0113
DPS22004,0.695106974339086,0.0075
DPS22004,0.6993574349321737,0.0076
DPS22004,0.700038930703348,0.0078
DPS22004,0.7725421756835369,0.0031
DPS22004,0.7752400726706462,0.0039
DPS22004,0.7759459985720776,0.0038
DPS22004,0.8207614246008662,0.0111
DPS22004,0.8238385673501167,0.0106
DPS22004,0.8244304536898812,0.011
DPS22004,0.8545019714304183,0.0103
DPS22004,0.8569945497015312,0.0093
DPS22004,0.8589602128902447,0.0093
DPS22004,0.9113825867752569,0.0022
DPS22004,0.9128601090059694,0.002
DPS22004,0.9142597520607516,0.0028
DPS22004,1.0,99.16326666666667
DPS22004,1.1272057397711848,0.0202
DPS22004,1.1283832024404492,0.0229
DPS22004,1.141383337658967,0.0246
DPS22004,1.1977894124490982,0.0218
DPS22004,1.2016610433428496,0.0256
DPS22004,1.2024404491464917,0.0242
DPS22004,1.275806347359576,0.0268
DPS22004,1.2795873345445108,0.0269
DPS22004,1.2811059907834101,0.0269
DPS22004,1.322215758515933,0.5196
DPS22004,1.3271476771347002,0.5206
DPS22004,1.3275783734666062,0.5191
DPS22004,1.6905823799366557,0.0063
DPS22004,1.6977347958720062,0.0054
DPS22004,1.6997145081754477,0.0049
DPS22004,2.218150087260035,0.0215
DPS22004,2.2271045628610375,0.0155
DPS22004,2.2281988061250972,0.0234
DPS22004,2.2759356214853597,0.0127
DPS22004,2.2843239034518557,0.0094
DPS22004,2.285389757902252,0.0095
DPS22004,2.34050804731433,0.0181
DPS22004,2.345380223202699,0.0199
DPS22004,2.3464009865645488,0.0238
DPS22004,2.37903173679788,0.0039
DPS22004,2.387944458863223,0.0026
DPS22004,2.3889141299409355,0.0028
DPS22004,2.411350268243811,0.0536
DPS22004,2.4209706722034774,0.047
DPS22004,2.4216914389563184,0.0472
DPS22004,2.4456079115764977,0.0361
DPS22004,2.4552945756553335,0.0342
DPS22004,2.4560913870318686,0.0343
DPS22005,0.3365038560411311,0.0049
DPS22005,0.33665210688591984,0.0051
DPS22005,0.3366527465467395,0.0025
DPS22005,0.34795734840698866,0.0021
DPS22005,0.3489074550128535,0.0018
DPS22005,0.35014455509155157,0.0013
DPS22005,0.48901593011305244,0.0318
DPS22005,0.4890459363957597,0.0314
DPS22005,0.48913881748071975,0.0318
DPS22005,0.5051413881748072,0.0083
DPS22005,0.5051718599421781,0.0083
DPS22005,0.5052029804727647,0.0077
DPS22005,0.64349502088018,0.0082
DPS22005,0.6436279547790339,0.0083
DPS22005,0.6438303341902314,0.0087
DPS22005,0.6988052415210688,0.0073
DPS22005,0.7000642673521851,0.0069
DPS22005,0.7002891101831031,0.0068
DPS22005,0.7735303565692258,0.0043
DPS22005,0.7744090441932168,0.0033
DPS22005,0.7745501285347043,0.0053
DPS22005,0.8239640218438805,0.0106
DPS22005,0.8245501285347043,0.0107
DPS22005,0.824832990750257,0.0091
DPS22005,0.8584645036941857,0.0048
DPS22005,0.859961439588689,0.0052
DPS22005,0.8604188078108941,0.0051
DPS22005,0.911292394655704,0.0025
DPS22005,0.9114037905557341,0.0025
DPS22005,0.9151028277634962,0.0026
DPS22005,1.0,99.2324
DPS22005,1.207259877931256,0.0237
DPS22005,1.2074550128534705,0.0232
DPS22005,1.207669578622816,0.0226
DPS22005,1.2848056537102475,0.0269
DPS22005,1.2852004110996917,0.0253
DPS22005,1.2855398457583547,0.0269
DPS22005,1.32740122068744,0.5057
DPS22005,1.3274665981500515,0.5001
DPS22005,1.327827763496144,0.5033
DPS22005,1.6979701952723536,0.0036
DPS22005,1.6981362467866323,0.0043
DPS22005,1.7000963700610343,0.0041
DPS22005,2.204843268242549,0.0213
DPS22005,2.205011243173787,0.0217
DPS22005,2.206426735218509,0.0215
DPS22005,2.2650950668037,0.0052
DPS22005,2.2658528750401543,0.005
DPS22005,2.2669023136246786,0.0051
DPS22005,2.308453237410072,0.0348
DPS22005,2.3088981689688404,0.0302
DPS22005,2.309961439588689,0.0336
DPS22005,2.3966469681397737,0.038
DPS22005,2.3969161580469,0.0382
DPS22005,2.3982647814910023,0.0379
DPS22005,2.4272867420349433,0.0315
DPS22005,2.427497590748474,0.0296
DPS22005,2.42892030848329,0.0304
DPS22006,0.33780108780108775,0.0044
DPS22006,0.3379944325759047,0.00245
DPS22006,0.3506216006216006,0.0018
DPS22006,0.3516540428562181,0.0014
DPS22006,0.352042467793099,0.0016
DPS22006,0.4828121965430181,0.0327
DPS22006,0.4828412328412328,0.0331
DPS22006,0.4828769340324982,0.033
DPS22006,0.506993006993007,0.0088
DPS22006,0.5070240176085972,0.0086
DPS22006,0.5070887550980774,0.0089
DPS22006,0.6453680326276947,0.0075
DPS22006,0.6454327701171749,0.0076
DPS22006,0.6454933954933955,0.008
DPS22006,0.6936621997798925,0.0058
DPS22006,0.7007833236227099,0.0055
DPS22006,0.7018259518259519,0.0058
DPS22006,0.7768498737618955,0.0048
DPS22006,0.777044086230336,0.0054
DPS22006,0.7774540274540274,0.0043
DPS22006,0.8254677283614942,0.0128
DPS22006,0.8257575757575757,0.0134
DPS22006,0.8258561532983751,0.013
DPS22006,0.8595843853175374,0.0066
DPS22006,0.8596218596218596,0.0065
DPS22006,0.859778597785978,0.0067
DPS22006,0.9155659155659156,0.002
DPS22006,0.9157117886968343,0.0021
DPS22006,0.9162296886126757,0.0019
DPS22006,1.0,99.26550000000002
DPS22006,1.2057109557109555,0.0289
DPS22006,1.2061889039943032,0.0279
DPS22006,1.2064478539522236,0.0295
DPS22006,1.286010228523338,0.0214
DPS22006,1.286907536907537,0.0244
DPS22006,1.2869165533760603,0.0236
DPS22006,1.3304201463067262,0.4606
DPS22006,1.3305496212856867,0.4589
DPS22006,1.3306785806785806,0.4594
DPS22006,1.6991001488962258,0.0034
DPS22006,1.7018191234543925,0.0031
DPS22006,1.7044159544159543,0.0037
DPS22006,2.2203016767009776,0.024149999999999998
DPS22006,2.2206034706034705,0.0241
DPS22006,2.2812843917912864,0.0033
DPS22006,2.281339031339031,0.0036
DPS22006,2.281413866770247,0.0034
DPS22006,2.3103515245678774,0.019
DPS22006,2.310545737036318,0.0191
DPS22006,2.3106708106708105,0.0179
DPS22006,2.380203275716968,0.0064
DPS22006,2.380268013206448,0.006
DPS22006,2.380665630665631,0.0061
DPS22006,2.4136078202887292,0.0515
DPS22006,2.4136725577782094,0.0505
DPS22006,2.4140119140119136,0.0513
DPS22006,2.4444228652812847,0.0302
DPS22006,2.4444876027707645,0.0291
DPS22006,2.4447681947681943,0.03
DPS22007,0.33762453098719114,0.0035
DPS22007,0.33773291925465837,0.002
DPS22007,0.34088830829523187,0.0024
DPS22007,0.35082158105835165,0.0025
DPS22007,0.35164337474120083,0.0013
DPS22007,0.3546048334421946,0.0015
DPS22007,0.48233695652173914,0.0319
DPS22007,0.48233924181653515,0.0317
DPS22007,0.48719790986283473,0.0328
DPS22007,0.5069219821451676,0.009
DPS22007,0.5069875776397516,0.009
DPS22007,0.5116263879817113,0.009
DPS22007,0.6451675507827662,0.0077
DPS22007,0.6454451345755694,0.0079
DPS22007,0.6508164598301763,0.0125
DPS22007,0.6907996894409938,0.0049
DPS22007,0.6914219174537457,0.0047
DPS22007,0.7075767472240365,0.0113
DPS22007,0.7765269151138717,0.0042
DPS22007,0.7770086686505369,0.0042
DPS22007,0.7821685173089483,0.006
DPS22007,0.8250743951352051,0.0119
DPS22007,0.8251164596273293,0.0106
DPS22007,0.8298497713912475,0.0162
DPS22007,0.859472049689441,0.0064
DPS22007,0.8603959115021349,0.0074
DPS22007,0.8640757674722402,0.0101
DPS22007,0.9148550724637682,0.0025
DPS22007,0.9155776943977229,0.0029
DPS22007,0.9187459177008491,0.0086
DPS22007,1.0,99.29896666666667
DPS22007,1.205939440993789,0.0289
DPS22007,1.2070772415577693,0.0281
DPS22007,1.2169823644676683,0.0387
DPS22007,1.2859730848861284,0.0225
DPS22007,1.2863242334066503,0.021
DPS22007,1.3224689745264533,0.425
DPS22007,1.329968944099379,0.4032
DPS22007,1.330055634622849,0.4008
DPS22007,1.7020960020701255,0.0044
DPS22007,1.7038690476190477,0.0042
DPS22007,1.7105813193990855,0.0054
DPS22007,2.218555900621118,0.0247
DPS22007,2.218721697502911,0.0246
DPS22007,2.240235140431091,0.0248
DPS22007,2.278625954198473,0.0027
DPS22007,2.278662008281574,0.0028
DPS22007,2.3005225342913125,0.0028
DPS22007,2.308901539655842,0.0221
DPS22007,2.3092003105590067,0.0214
DPS22007,2.3316786414108424,0.0208
DPS22007,2.378493788819876,0.009
DPS22007,2.3786388924828565,0.009
DPS22007,2.4014369693011104,0.0091
DPS22007,2.411878881987578,0.0596
DPS22007,2.4120196661922626,0.0592
DPS22007,2.4350097975179623,0.0592
DPS22007,2.4425465838509317,0.0309
DPS22007,2.442812783024971,0.0312
DPS22007,2.4661659046374917,0.0308
DPS22008,0.33795157322284086,0.0034
DPS22008,0.33814579826492297,0.0037
DPS22008,0.33827720207253886,0.0034
DPS22008,0.4896413310889551,0.0323
DPS22008,0.4897060727696491,0.0325
DPS22008,0.4900259067357513,0.0324
DPS22008,0.5069921015149553,0.010700000000000001
DPS22008,0.507318652849741,0.0107
DPS22008,0.644891881393241,0.0087
DPS22008,0.645021364754629,0.0093
DPS22008,0.6451424870466321,0.0095
DPS22008,0.7012305699481866,0.0059
DPS22008,0.701540852000518,0.006
DPS22008,0.7016703353619059,0.0051
DPS22008,0.7757995597565713,0.0047
DPS22008,0.7766412016055937,0.0047
DPS22008,0.7770077720207254,0.0047
DPS22008,0.8253269454875048,0.0114
DPS22008,0.8257801372523631,0.0113
DPS22008,0.8259067357512954,0.012
DPS22008,0.8587983944063189,0.0064
DPS22008,0.8597150259067358,0.0066
DPS22008,0.8602874530622815,0.0064
DPS22008,0.9148963730569948,0.0027
DPS22008,0.9149294315680435,0.0026
DPS22008,0.915706331736372,0.0034
DPS22008,1.0,99.28923333333334
DPS22008,1.2055699481865285,0.0281
DPS22008,1.2062022530104881,0.0271
DPS22008,1.2065259614139583,0.0285
DPS22008,1.283892269843325,0.0251
DPS22008,1.2840217532047131,0.0258
DPS22008,1.2844559585492228,0.0264
DPS22008,1.3284345461608182,0.4243
DPS22008,1.3285640295222065,0.4227
DPS22008,1.3288860103626945,0.4241
DPS22008,1.6968147093098538,0.004
DPS22008,1.6996633432603911,0.0041
DPS22008,1.7009067357512955,0.0041
DPS22008,2.2207691311666453,0.0204
DPS22008,2.2213518062928914,0.0206
DPS22008,2.2214378238341967,0.0207
DPS22008,2.2806551858086235,0.0047
DPS22008,2.281347150259067,0.0045
DPS22008,2.281367344296258,0.0047
DPS22008,2.322603626943005,0.0308
DPS22008,2.3226725365790495,0.0317
DPS22008,2.3232552117052956,0.0316
DPS22008,2.381328499287841,0.0055
DPS22008,2.381846432733394,0.0058
DPS22008,2.3819948186528497,0.0055
DPS22008,2.414476239803185,0.0508
DPS22008,2.4150589149294315,0.0511
DPS22008,2.4152202072538858,0.051
DPS22008,2.445940696620484,0.0255
DPS22008,2.4465233717467307,0.0256
DPS22008,2.44669689119171,0.0255
DPS22008,2.4733264275540594,0.0037
DPS22008,2.4737796193189174,0.0037
DPS22008,2.4740284974093263,0.0038
DPS22009,0.334191684461751,0.0014
DPS22009,0.33461055276381907,0.0033
DPS22009,0.3347798742138365,0.007
DPS22009,0.4744378846878533,0.0109
DPS22009,0.47449748743718595,0.0106
DPS22009,0.4750943396226415,0.011
DPS22009,0.48718753925386254,0.0186
DPS22009,0.4875,0.0183
DPS22009,0.48792452830188676,0.0187
DPS22009,0.501507348323075,0.0108
DPS22009,0.5016331658291457,0.0107
DPS22009,0.5022012578616353,0.011
DPS22009,0.6409370682075116,0.009
DPS22009,0.6412688442211055,0.0089
DPS22009,0.6418238993710692,0.0091
DPS22009,0.6967295597484277,0.0061
DPS22009,0.6969601808817987,0.0066
DPS22009,0.6969849246231156,0.0057
DPS22009,0.7700037683708076,0.0035
DPS22009,0.7705402010050251,0.0039
DPS22009,0.7706289308176101,0.0044
DPS22009,0.8211908051752291,0.0092
DPS22009,0.8224246231155778,0.0097
DPS22009,0.8224528301886792,0.01
DPS22009,0.8593769626931289,0.0058
DPS22009,0.8597989949748744,0.0056
DPS22009,0.8603144654088051,0.0056
DPS22009,0.8984424067328225,0.0026
DPS22009,0.9001884422110552,0.0027
DPS22009,0.900314465408805,0.0027
DPS22009,1.0,99.32063333333333
DPS22009,1.2094221105527638,0.0167
DPS22009,1.210149478708705,0.0168
DPS22009,1.2125157232704402,0.0166
DPS22009,1.2660804020100502,0.0264
DPS22009,1.2662982037432482,0.0248
DPS22009,1.2673584905660378,0.0246
DPS22009,1.322572541138048,0.4393
DPS22009,1.3231155778894472,0.4444
DPS22009,1.3245911949685534,0.4421
DPS22009,1.6823263409119458,0.0037
DPS22009,1.6833962264150941,0.0042
DPS22009,1.6873115577889446,0.0024
DPS22009,2.1656827031779926,0.0152
DPS22009,2.1670226130653267,0.0183
DPS22009,2.1711320754716983,0.0208
DPS22009,2.2245949001381735,0.0068
DPS22009,2.2246231155778893,0.0069
DPS22009,2.2278616352201257,0.0067
DPS22009,2.3166687602060043,0.0331
DPS22009,2.3180276381909546,0.0305
DPS22009,2.321194968553459,0.0312
DPS22009,2.3521542519783947,0.0353
DPS22009,2.3532035175879398,0.0353
DPS22009,2.3564779874213837,0.0337
DPS22009,2.3837457605828414,0.02
DPS22009,2.3847989949748745,0.0202
DPS22009,2.387987421383648,0.0184
DPS22010,0.33474122171089954,0.0069
DPS22010,0.3347417544302201,0.0033
DPS22010,0.33484619263741805,0.0035
DPS22010,0.4752269288956127,0.0153
DPS22010,0.4752568870957574,0.0153
DPS22010,0.4753736520148831,0.0155
DPS22010,0.4873928391326273,0.0175
DPS22010,0.48741880557482503,0.0177
DPS22010,0.48748660404715377,0.0174
DPS22010,0.5023648861701457,0.0117
DPS22010,0.5024270314568493,0.0116
DPS22010,0.5024583963691377,0.0118
DPS22010,0.6413893091275845,0.0088
DPS22010,0.6416724474995271,0.0089
DPS22010,0.6418079808359074,0.009
DPS22010,0.6975468247461689,0.0059
DPS22010,0.6981025026791906,0.0056
DPS22010,0.6988779626828038,0.0063
DPS22010,0.7710790187298985,0.0055
DPS22010,0.7711656054970687,0.005
DPS22010,0.7711800302571861,0.0058
DPS22010,0.8228063540090772,0.0119
DPS22010,0.8229803872106957,0.0125
DPS22010,0.823047342873353,0.012
DPS22010,0.8597995335056421,0.0056
DPS22010,0.860690872415532,0.0062
DPS22010,0.8611338840890459,0.0062
DPS22010,0.9031342624708331,0.0035
DPS22010,0.9037443267776096,0.004
DPS22010,0.9038012986194288,0.0029
DPS22010,1.0,99.15676666666667
DPS22010,1.2121460553698682,0.0202
DPS22010,1.212885330643636,0.0202
DPS22010,1.213502269288956,0.021
DPS22010,1.277248944083717,0.0268
DPS22010,1.277353850034685,0.0276
DPS22010,1.2776096822995462,0.0273
DPS22010,1.3250126071608672,0.5565
DPS22010,1.3250330958835024,0.5569
DPS22010,1.3250930188560257,0.5551
DPS22010,1.6899268784669692,0.0034
DPS22010,1.6916094055348925,0.0039
DPS22010,1.692123352462635,0.0033
DPS22010,2.169135724642249,0.0208
DPS22010,2.169314170448815,0.0205
DPS22010,2.170145676988081,0.02
DPS22010,2.2276996784971317,0.0069
DPS22010,2.227811396873424,0.0068
DPS22010,2.228857917638898,0.0067
DPS22010,2.2754838302969174,0.0379
DPS22010,2.276159858799798,0.038
DPS22010,2.277353850034685,0.0355
DPS22010,2.3233736762481088,0.0033
DPS22010,2.323394061652903,0.0033
DPS22010,2.324399318912783,0.0034
DPS22010,2.3551030700371935,0.0485
DPS22010,2.355206757438225,0.0487
DPS22010,2.356246452670745,0.0489
DPS22010,2.3853621635251843,0.0282
DPS22010,2.3854639435199196,0.0285
DPS22010,2.3865800592798134,0.0283
DPS22011,0.3342360498803376,0.0039
DPS22011,0.33448862562228243,0.0033
DPS22011,0.33469747528804383,0.0036
DPS22011,0.47468194986774154,0.0162
DPS22011,0.4747214002392495,0.0172
DPS22011,0.47507719453021613,0.0164
DPS22011,0.48721501448545157,0.017
DPS22011,0.4874394006170119,0.0164
DPS22011,0.4876803831369336,0.0171
DPS22011,0.5020153671747072,0.0124
DPS22011,0.5022980545237046,0.0121
DPS22011,0.5024891297498267,0.0127
DPS22011,0.6414535835747576,0.0076
DPS22011,0.6416923754958131,0.008
DPS22011,0.6420064276261894,0.0078
DPS22011,0.6970193458945113,0.0055
DPS22011,0.6978208842423479,0.0045
DPS22011,0.6991752187873828,0.0052
DPS22011,0.770689003652853,0.0042
DPS22011,0.7708241516086383,0.0041
DPS22011,0.7715041905602118,0.0044
DPS22011,0.821010202796322,0.01
DPS22011,0.822073915507146,0.0099
DPS22011,0.8241855189362909,0.0098
DPS22011,0.8602279166404332,0.0072
DPS22011,0.8604196861806037,0.0071
DPS22011,0.8608766847209977,0.0069
DPS22011,0.9032075115004097,0.002
DPS22011,0.9034817100044072,0.0026
DPS22011,0.9037032371835244,0.0014
DPS22011,1.0,99.26013333333333
DPS22011,1.2111726917747827,0.0206
DPS22011,1.2115445207637532,0.022
DPS22011,1.2131209469243847,0.0211
DPS22011,1.2762942436075073,0.0187
DPS22011,1.2778442359755715,0.0196
DPS22011,1.2785934841514903,0.0199
DPS22011,1.3244741151278498,0.4601
DPS22011,1.3248756532141284,0.4647
DPS22011,1.32566639359758,0.4623
DPS22011,1.6861424164200718,0.0029
DPS22011,1.6862955032119913,0.0025
DPS22011,1.6920410863948578,0.0032
DPS22011,2.166908014858654,0.0212
DPS22011,2.167086534828064,0.0218
DPS22011,2.1690717751591153,0.0213
DPS22011,2.2255241453125985,0.0065
DPS22011,2.2255321828945713,0.0064
DPS22011,2.22799168189552,0.0068
DPS22011,2.274152915984381,0.037
DPS22011,2.2742554932947177,0.0368
DPS22011,2.276513958031382,0.0362
DPS22011,2.3205943461562675,0.0044
DPS22011,2.320947222572112,0.0045
DPS22011,2.32320877181927,0.0045
DPS22011,2.352767109488132,0.0514
DPS22011,2.3530041566947975,0.0516
DPS22011,2.355220870880333,0.0517
DPS22011,2.382736258893156,0.0274
DPS22011,2.383045723642776,0.0279
DPS22011,2.3852794757073537,0.0281
DPS22012,0.3374033113852841,0.0043
DPS22012,0.3376606766003709,0.0036
DPS22012,0.3378741366078281,0.0034
DPS22012,0.4791919708495813,0.0322
DPS22012,0.4792479375839355,0.0322
DPS22012,0.47934254284983374,0.0333
DPS22012,0.5061049670779262,0.0132
DPS22012,0.5061073095862377,0.013
DPS22012,0.5062036326426196,0.0133
DPS22012,0.6447528298266931,0.0078
DPS22012,0.644761235057214,0.0078
DPS22012,0.6448580199539524,0.0084
DPS22012,0.700262198631451,0.0063
DPS22012,0.7008825786646201,0.0066
DPS22012,0.7012721345010547,0.0063
DPS22012,0.7743812751806612,0.0058
DPS22012,0.7745956657930064,0.0055
DPS22012,0.7747505755947813,0.0044
DPS22012,0.8253531931215239,0.01
DPS22012,0.825797787299354,0.0101
DPS22012,0.8259145561524687,0.01
DPS22012,0.862302627373266,0.0081
DPS22012,0.8624968022512153,0.008
DPS22012,0.862889301016819,0.0079
DPS22012,0.9106606126494852,0.0046
DPS22012,0.911781627565045,0.0035
DPS22012,0.9119339984650806,0.0033
DPS22012,1.0,99.2528
DPS22012,1.1440260819535895,0.0199
DPS22012,1.1443371490695144,0.0205
DPS22012,1.145177794832438,0.0176
DPS22012,1.21154952996099,0.0114
DPS22012,1.2118828344845232,0.0103
DPS22012,1.2133222527648149,0.0089
DPS22012,1.3281319946281256,0.4717
DPS22012,1.3281339896439301,0.4704
DPS22012,1.3284088002046561,0.47
DPS22012,1.697512310545501,0.0058
DPS22012,1.6981397430160454,0.0039
DPS22012,1.7003709388590433,0.0029
DPS22012,2.200153423256409,0.0185
DPS22012,2.2005628037861347,0.02
DPS22012,2.20061392850291,0.0209
DPS22012,2.260947388608323,0.0067
DPS22012,2.261383985674086,0.0068
DPS22012,2.261623073479568,0.0069
DPS22012,2.350699993607364,0.0464
DPS22012,2.351688411358404,0.0467
DPS22012,2.352497282087357,0.0474
DPS22012,2.393722431758614,0.0468
DPS22012,2.3941545152212846,0.0478
DPS22012,2.394257210462365,0.0482
DPS22012,2.424726714824522,0.0312
DPS22012,2.4251726784343823,0.0309
DPS22012,2.425273390036452,0.0303
DPS22013,0.3363837172609656,0.0037
DPS22013,0.3370190181335692,0.004
DPS22013,0.3371077935222672,0.0066
DPS22013,0.47529189018617857,0.0175
DPS22013,0.47614835407847345,0.0168
DPS22013,0.4764676113360324,0.0174
DPS22013,0.487724834332597,0.0176
DPS22013,0.48878498767928225,0.018
DPS22013,0.4888663967611336,0.0174
DPS22013,0.5024928999684443,0.0155
DPS22013,0.5035698489922285,0.0149
DPS22013,0.503669028340081,0.0156
DPS22013,0.6414641842852634,0.0063
DPS22013,0.642586032388664,0.0066
DPS22013,0.6429519176091489,0.0065
DPS22013,0.687753036437247,0.0065
DPS22013,0.6968759861154938,0.0069
DPS22013,0.6984267391166993,0.0059
DPS22013,0.769958977595456,0.0061
DPS22013,0.7715713562753036,0.0058
DPS22013,0.7717192140013901,0.0054
DPS22013,0.8213316503628905,0.0153
DPS22013,0.8228744939271254,0.0148
DPS22013,0.8233398622606938,0.0146
DPS22013,0.8584411486273272,0.0094
DPS22013,0.8603020155430593,0.0093
DPS22013,0.8604504048582996,0.0103
DPS22013,0.9001577784790155,0.0035
DPS22013,0.9011815252416756,0.003
DPS22013,0.9023279352226721,0.0045
DPS22013,1.0,99.31343333333332
DPS22013,1.2073840328179235,0.0223
DPS22013,1.209578568269413,0.0215
DPS22013,1.2097039473684212,0.0212
DPS22013,1.2636162827390343,0.015
DPS22013,1.2662575910931173,0.0145
DPS22013,1.2670752511530927,0.0153
DPS22013,1.3209845377090565,0.4082
DPS22013,1.3239401023567323,0.4094
DPS22013,1.3240764170040487,0.4088
DPS22013,1.6790154622909435,0.0027
DPS22013,1.685096153846154,0.0028
DPS22013,1.6857901055158906,0.0028
DPS22013,2.0043546860208266,0.005
DPS22013,2.008782460352562,0.0057
DPS22013,2.0099949392712553,0.0058
DPS22013,2.172672767434522,0.0206
DPS22013,2.1756492070512414,0.0202
DPS22013,2.1853491902834006,0.0444
DPS22013,2.231366361628274,0.0076
DPS22013,2.234409553295002,0.0074
DPS22013,2.2369053643724697,0.0073
DPS22013,2.292521300094667,0.014
DPS22013,2.2955076767549127,0.0347
DPS22013,2.298013663967611,0.0317
DPS22013,2.360050489113285,0.0428
DPS22013,2.3631136665192396,0.0423
DPS22013,2.365827429149798,0.0424
DPS22013,2.389712843168192,0.0256
DPS22013,2.39280975548114,0.0261
DPS22013,2.395559210526316,0.0261
DPS22014,0.33664808715480116,0.004
DPS22014,0.33707011210336313,0.0036
DPS22014,0.3372822299651568,0.0039
DPS22014,0.47653429602888087,0.0137
DPS22014,0.47662781859640235,0.0137
DPS22014,0.47671840354767187,0.0138
DPS22014,0.48888466653999624,0.0159
DPS22014,0.48897897137066126,0.0157
DPS22014,0.48907190370605,0.016
DPS22014,0.504528469187409,0.0145
DPS22014,0.5046237648847225,0.0143
DPS22014,0.5046563192904656,0.0146
DPS22014,0.6430426246120717,0.0087
DPS22014,0.6431422236300285,0.0093
DPS22014,0.6431466936914112,0.0085
DPS22014,0.6995882166613874,0.0061
DPS22014,0.700931027930838,0.0056
DPS22014,0.7009754243729415,0.0058
DPS22014,0.77216873574867,0.005
DPS22014,0.772568894520114,0.005
DPS22014,0.7728165178288682,0.0051
DPS22014,0.8235480397745266,0.0128
DPS22014,0.8237902204205726,0.012
DPS22014,0.8240101362052581,0.0127
DPS22014,0.8631872308082088,0.0103
DPS22014,0.8638580931263857,0.0112
DPS22014,0.8638925834441701,0.0111
DPS22014,0.9056699398162812,0.0031
DPS22014,0.9062005193489138,0.0041
DPS22014,0.9068913098555865,0.0025
DPS22014,1.0,99.3587
DPS22014,1.1371555273994298,0.0298
DPS22014,1.1386408258914436,0.0281
DPS22014,1.1408031416265518,0.0284
DPS22014,1.216154577130187,0.0166
DPS22014,1.216683557131999,0.0164
DPS22014,1.216796503895117,0.0198
DPS22014,1.326239787193616,0.4122
DPS22014,1.3263858093126386,0.4133
DPS22014,1.3263871294654166,0.4086
DPS22014,1.6902122267975925,0.0029
DPS22014,1.6959716240182416,0.0028
DPS22014,1.697320919627589,0.0027
DPS22014,2.17765532965989,0.0187
DPS22014,2.1778270509977826,0.0185
DPS22014,2.178109956929313,0.0193
DPS22014,2.23953120050681,0.0045
DPS22014,2.239597187915637,0.0055
DPS22014,2.239929060045604,0.0052
DPS22014,2.2983845422869815,0.0176
DPS22014,2.2984356197352587,0.0169
DPS22014,2.299024575627058,0.0168
DPS22014,2.335613401735386,0.0052
DPS22014,2.335825150459297,0.005
DPS22014,2.336078033949835,0.0053
DPS22014,2.3677877002976757,0.025
DPS22014,2.368070953436807,0.0239
DPS22014,2.3683177096529007,0.0247
DPS22014,2.3971119133574006,0.016
DPS22014,2.3974025974025976,0.0157
DPS22014,2.3976437800861414,0.0158
DPS22015,0.3371106693174287,0.0044
DPS22015,0.33728791092258753,0.005
DPS22015,0.33739729658097,0.0056
DPS22015,0.48588656241717465,0.0163
DPS22015,0.4859509609012591,0.0165
DPS22015,0.48601537645811244,0.0165
DPS22015,0.4982109727007686,0.0088
DPS22015,0.4982770046388337,0.0088
DPS22015,0.4984093319194062,0.009
DPS22015,0.5149748210972701,0.0143
DPS22015,0.5149768058316766,0.0143
DPS22015,0.5151113467656416,0.0145
DPS22015,0.6221500530222694,0.0037
DPS22015,0.622250198780811,0.0038
DPS22015,0.6223989396951624,0.0037
DPS22015,0.6546056991385023,0.0068
DPS22015,0.654982772329711,0.0069
DPS22015,0.6550238600212089,0.007
DPS22015,0.7095705196182397,0.0046
DPS22015,0.7100728959575878,0.0055
DPS22015,0.7107739199575934,0.0059
DPS22015,0.7859793267956533,0.0044
DPS22015,0.7861876988335101,0.0044
DPS22015,0.786414844267727,0.0043
DPS22015,0.8333996023856859,0.0179
DPS22015,0.8334216803604558,0.0175
DPS22015,0.8335763520678685,0.0181
DPS22015,0.8741383881230117,0.01
DPS22015,0.87430426716141,0.0096
DPS22015,0.8744201457919152,0.0104
DPS22015,0.9462486744432662,0.0044
DPS22015,0.9463220675944334,0.0054
DPS22015,0.9463291810230585,0.0044
DPS22015,1.0,99.28556666666667
DPS22015,1.2648462354188759,0.0179
DPS22015,1.2654738237243208,0.0187
DPS22015,1.2660349854227404,0.0187
DPS22015,1.347005035780546,0.5135
DPS22015,1.3470510271703116,0.5124
DPS22015,1.3472295864262993,0.512
DPS22015,1.4440615058324497,0.0081
DPS22015,1.4444076331831432,0.0084
DPS22015,1.4447978793903247,0.0092
DPS22015,1.7852504638218925,0.0086
DPS22015,1.7860834990059644,0.0078
DPS22015,1.7873806998939556,0.0081
DPS22015,2.2584150543334216,0.0104
DPS22015,2.2593108018555337,0.0109
DPS22015,2.260007953340403,0.012
DPS22015,2.360522130930294,0.0258
DPS22015,2.361762756792578,0.0253
DPS22015,2.362539766702015,0.0304
DPS22015,2.4359263185793796,0.0041
DPS22015,2.4369118621603714,0.005
DPS22015,2.437433722163309,0.0062
DPS22015,2.471176782401272,0.0164
DPS22015,2.4720344599072233,0.0157
DPS22015,2.472560975609756,0.0174
DPS22015,2.4907235621521338,0.0091
DPS22015,2.491650099403578,0.0087
DPS22015,2.4921792152704136,0.0094
DPS22016,0.33684280227784397,0.0051
DPS22016,0.3369774067448486,0.0046
DPS22016,0.3371322554996024,0.0048
DPS22016,0.4856310422460601,0.0132
DPS22016,0.4858543695752998,0.014
DPS22016,0.48588656241717465,0.0138
DPS22016,0.4983445901205138,0.0074
DPS22016,0.4983767309348705,0.0092
DPS22016,0.4986747945931619,0.0092
DPS22016,0.5147662561250166,0.01
DPS22016,0.5149407009872127,0.0137
DPS22016,0.5149748210972701,0.0133
DPS22016,0.6219188974291014,0.0035
DPS22016,0.6223016818964375,0.0033
DPS22016,0.6224077386868084,0.003
DPS22016,0.6543504171632896,0.0065
DPS22016,0.6544755847081428,0.0062
DPS22016,0.6545852107076596,0.0065
DPS22016,0.7096411071381274,0.0066
DPS22016,0.7103292917246405,0.006
DPS22016,0.711038961038961,0.0063
DPS22016,0.786121043570388,0.0038
DPS22016,0.786178107606679,0.0037
DPS22016,0.7863910422049957,0.0039
DPS22016,0.8336867214418235,0.0161
DPS22016,0.83373063170441,0.0165
DPS22016,0.8340952759557411,0.0166
DPS22016,0.8739901999735135,0.008
DPS22016,0.8741138276021997,0.008
DPS22016,0.8746355685131194,0.0079
DPS22016,0.9458653591306653,0.0037
DPS22016,0.9459674215335717,0.0035
DPS22016,0.9469952958325051,0.0034
DPS22016,1.0,99.32353333333333
DPS22016,1.2661899086213746,0.0101
DPS22016,1.2666799178427084,0.018
DPS22016,1.2674264510999205,0.0178
DPS22016,1.34690769434512,0.4845
DPS22016,1.3471375563212298,0.4891
DPS22016,1.3472470681773008,0.4899
DPS22016,1.4451732591267477,0.0101
DPS22016,1.4452027564272463,0.0099
DPS22016,1.445570123162495,0.0095
DPS22016,1.7775642724622318,0.0058
DPS22016,1.78108859753675,0.0062
DPS22016,1.7885112303716955,0.0068
DPS22016,2.2573831280625085,0.0093
DPS22016,2.2586629563373752,0.0094
DPS22016,2.258945136496157,0.0092
DPS22016,2.359488809429215,0.0278
DPS22016,2.3608534322820036,0.0264
DPS22016,2.3612270589014774,0.0277
DPS22016,2.434578201562707,0.0037
DPS22016,2.4358311800172268,0.004
DPS22016,2.4360588391200637,0.0041
DPS22016,2.469474241822275,0.0204
DPS22016,2.4708805406479826,0.0204
DPS22016,2.47111052213093,0.0202
DPS22016,2.48920672758575,0.0093
DPS22016,2.490624792950374,0.0094
DPS22016,2.4910548635038428,0.0091
DPS22017,0.3353089533417402,0.0032
DPS22017,0.33537239074225894,0.0032
DPS22017,0.33547736158405855,0.0039
DPS22017,0.47490542244640604,0.0132
DPS22017,0.4749653171900618,0.0132
DPS22017,0.47499527022765975,0.0134
DPS22017,0.48852314289317694,0.015
DPS22017,0.48852459016393446,0.0149
DPS22017,0.48861701456769885,0.0153
DPS22017,0.5040045405814467,0.0113
DPS22017,0.5040353089533417,0.0112
DPS22017,0.504035817883718,0.0114
DPS22017,0.6424922747051776,0.0079
DPS22017,0.6425148190187917,0.0077
DPS22017,0.6426229508196721,0.0078
DPS22017,0.6999369482976041,0.0073
DPS22017,0.7001324336255282,0.0076
DPS22017,0.7010972379871359,0.0073
DPS22017,0.7723402913539762,0.0047
DPS22017,0.7724807668053979,0.0035
DPS22017,0.7725094577553595,0.0044
DPS22017,0.8236740871539383,0.0119
DPS22017,0.8243379571248424,0.0118
DPS22017,0.8243788624038341,0.0113
DPS22017,0.8655568167486443,0.0051
DPS22017,0.8658259773013871,0.0057
DPS22017,0.8662420382165605,0.0058
DPS22017,0.9072964621302896,0.0025
DPS22017,0.9083112624542817,0.002
DPS22017,0.9095208070617907,0.0029
DPS22017,1.0,99.29546666666666
DPS22017,1.2210871484424266,0.0195
DPS22017,1.2214794727880431,0.0213
DPS22017,1.2215006305170242,0.0198
DPS22017,1.327741691366589,0.5097
DPS22017,1.327784083743221,0.5119
DPS22017,1.3278688524590163,0.5109
DPS22017,2.1648802017654476,0.0097
DPS22017,2.1650901753058394,0.0139
DPS22017,2.1659834773286244,0.0133
DPS22017,2.2280237104300666,0.0051
DPS22017,2.2281210592686005,0.0048
DPS22017,2.2287948540076936,0.0048
DPS22017,2.2682557699583805,0.0297
DPS22017,2.2684741488020177,0.0301
DPS22017,2.269344768871792,0.0307
DPS22017,2.355800756620429,0.0286
DPS22017,2.355845629965948,0.029
DPS22017,2.356687898089172,0.0292
DPS22017,2.376607818411097,0.0152
DPS22017,2.376655315928869,0.0152
DPS22017,2.3776250236488616,0.0152
DPS22018,0.33503401360544216,0.0038
DPS22018,0.3350560947938989,0.0034
DPS22018,0.33507655472244974,0.0033
DPS22018,0.47466280095802343,0.016
DPS22018,0.4746787603930461,0.0165
DPS22018,0.47470228719047314,0.0166
DPS22018,0.48833984621202575,0.0141
DPS22018,0.48834719072814314,0.0149
DPS22018,0.4883750236280008,0.0144
DPS22018,0.5037489761199673,0.0104
DPS22018,0.5037816714988025,0.01
DPS22018,0.5038422776518015,0.0099
DPS22018,0.6424162257495591,0.0085
DPS22018,0.642492596559763,0.0081
DPS22018,0.6425690155048531,0.0088
DPS22018,0.6996094734189973,0.0065
DPS22018,0.6997983108533972,0.0074
DPS22018,0.701027030432865,0.0066
DPS22018,0.7717761250472709,0.004
DPS22018,0.7718480246991367,0.0046
DPS22018,0.7719198790627363,0.0039
DPS22018,0.8238851095993953,0.0105
DPS22018,0.8239556423665805,0.0105
DPS22018,0.8242153031639985,0.0099
DPS22018,0.8650368596811794,0.0043
DPS22018,0.8655615782175722,0.0048
DPS22018,0.8664021164021165,0.0046
DPS22018,0.9075963718820862,0.0015
DPS22018,0.9084835497289802,0.0018
DPS22018,0.9085123810723962,0.0018
DPS22018,1.0,99.2933
DPS22018,1.221403376165281,0.0239
DPS22018,1.22197719110327,0.0154
DPS22018,1.222299256271272,0.0254
DPS22018,1.3274754346182918,0.4749
DPS22018,1.3275155944804988,0.4691
DPS22018,1.3275557796546074,0.4749
DPS22018,1.698317686346166,0.003
DPS22018,1.7020673137526787,0.0019
DPS22018,1.7031997984378937,0.0026
DPS22018,2.1637577972402493,0.0193
DPS22018,2.1638951877047115,0.019
DPS22018,2.1646917937728474,0.019
DPS22018,2.225631655220213,0.0059
DPS22018,2.2259385235575713,0.0057
DPS22018,2.2265851506365815,0.006
DPS22018,2.266880826404636,0.0397
DPS22018,2.267342952554974,0.0393
DPS22018,2.268120509265095,0.0304
DPS22018,2.3217188582950032,0.004
DPS22018,2.3219324766943816,0.0041
DPS22018,2.322765662422791,0.0039
DPS22018,2.3537269233192615,0.0434
DPS22018,2.3538674729150917,0.0437
DPS22018,2.354783814445985,0.0439
DPS22018,2.3747715959926907,0.0202
DPS22018,2.374905517762661,0.0201
DPS22018,2.3758981469809655,0.0201
DPS22019,0.33791189732917104,0.0055
DPS22019,0.3382158972578966,0.0043
DPS22019,0.3386559289086365,0.0043
DPS22019,0.47254425546685186,0.0025
DPS22019,0.47256330211585157,0.0024
DPS22019,0.4727159122465982,0.0025
DPS22019,0.4953173777315297,0.0191
DPS22019,0.49538354737938217,0.0204
DPS22019,0.4956956400999722,0.0203
DPS22019,0.5114810960804718,0.0119
DPS22019,0.5115584866365845,0.012
DPS22019,0.5118717023049153,0.012
DPS22019,0.5220256677072495,0.0105
DPS22019,0.5221103783408539,0.0103
DPS22019,0.5223549014162733,0.01
DPS22019,0.610058966354492,0.0038
DPS22019,0.6102471535684532,0.0041
DPS22019,0.6102742103436307,0.0038
DPS22019,0.6618799861255638,0.0076
DPS22019,0.6622700451232211,0.0075
DPS22019,0.6627325742849208,0.0076
DPS22019,0.7163484901076016,0.0057
DPS22019,0.7166146375303504,0.0066
DPS22019,0.7178561510691475,0.0069
DPS22019,0.7951405761888234,0.0048
DPS22019,0.7953346292696473,0.0048
DPS22019,0.7954214360041624,0.0051
DPS22019,0.838378228269925,0.0108
DPS22019,0.8387365498090942,0.0111
DPS22019,0.8388484217828651,0.0115
DPS22019,0.8753124132185505,0.0054
DPS22019,0.8753210690732385,0.0056
DPS22019,0.875823794658342,0.006
DPS22019,0.9318071453347209,0.0008
DPS22019,0.9363415480735856,0.0009
DPS22019,1.0,99.19076666666666
DPS22019,1.2061741241762054,0.0624
DPS22019,1.2068726136758072,0.0659
DPS22019,1.2088308803110246,0.0627
DPS22019,1.355809920221991,0.5223
DPS22019,1.3564040263797295,0.5343
DPS22019,1.35677589558456,0.5376
DPS22019,1.5332639611515784,0.0155
DPS22019,1.534189517528636,0.0158
DPS22019,1.535545681755068,0.0159
DPS22019,1.8113770378078393,0.0039
DPS22019,1.8126214940294365,0.0034
DPS22019,1.8139534883720931,0.0033
DPS22019,2.3517863336801947,0.018
DPS22019,2.3532801110725443,0.0194
DPS22019,2.354276589836157,0.0187
DPS22019,2.585639958376691,0.0643
DPS22019,2.5873654980909406,0.0626
DPS22019,2.588308803110247,0.0619
DPS22019,2.6149843912591053,0.0228
DPS22019,2.6165914612981607,0.0244
DPS22019,2.6175367953346296,0.024
DPS22413,0.3387250843787811,0.0032
DPS22413,0.33876823132284567,0.0034
DPS22413,0.3388524485767051,0.0032
DPS22413,0.47857097369929313,0.0092
DPS22413,0.47863465579825515,0.0103
DPS22413,0.478695624482517,0.0095
DPS22413,0.48984141137507164,0.0193
DPS22413,0.48984270521556394,0.018549999999999997
DPS22413,0.5052537731643635,0.012799999999999999
DPS22413,0.5052544423922043,0.0133
DPS22413,0.6436532704923253,0.0064
DPS22413,0.6438260205056359,0.0058
DPS22413,0.6440170668025218,0.0061
DPS22413,0.6891039928676049,0.0056
DPS22413,0.6891280810139482,0.006
DPS22413,0.699484174998408,0.0056
DPS22413,0.7731354690784026,0.0073
DPS22413,0.7733554097943068,0.0071
DPS22413,0.7734190918932689,0.0067
DPS22413,0.8235369037763485,0.0164
DPS22413,0.8236005858753105,0.0166
DPS22413,0.8236418062543787,0.0175
DPS22413,0.8611730242628797,0.0096
DPS22413,0.8614914347576896,0.0095
DPS22413,0.8617922425323228,0.01
DPS22413,0.9065783608227728,0.0057
DPS22413,0.9067694071196587,0.0054
DPS22413,0.9071396726323164,0.0068
DPS22413,1.0,99.23973333333333
DPS22413,1.20983251607973,0.0205
DPS22413,1.2100503152665434,0.0198
DPS22413,1.2109787938610457,0.0196
DPS22413,1.2838035793898477,0.0132
DPS22413,1.2845316181621347,0.0144
DPS22413,1.2858052601413743,0.0134
DPS22413,1.3249697510029932,0.5086
DPS22413,1.3250111457868925,0.5125
DPS22413,1.325097115200917,0.5093
DPS22413,1.6884034897790232,0.0026
DPS22413,1.6889370103815045,0.0033
DPS22413,1.6942622428835254,0.0031
DPS22413,2.0097433611411835,0.0039
DPS22413,2.0103165000318413,0.004
DPS22413,2.0105088847844086,0.0039
DPS22413,2.1863975036617207,0.0128
DPS22413,2.186906960453417,0.0116
DPS22413,2.1872492197949174,0.0132
DPS22413,2.248296503852767,0.0068
DPS22413,2.2488696427434247,0.0072
DPS22413,2.2489013438634484,0.0066
DPS22413,2.2958670317773673,0.0323
DPS22413,2.296503852766987,0.0334
DPS22413,2.2966690019743967,0.0289
DPS22413,2.346749028847991,0.0027
DPS22413,2.3473858498376106,0.0026
DPS22413,2.347430099993631,0.0025
DPS22413,2.3794816277144495,0.0357
DPS22413,2.3799274024071835,0.0371
DPS22413,2.3801668683523345,0.035
DPS22413,2.4040629179137745,0.0238
DPS22413,2.4045086926065085,0.0245
DPS22413,2.404751289726769,0.024
